BHC_NAME,RSSD_ID,REPORTING_MONTH,PORTFOLIO_ID,SEGMENT_ID,Product Type,Credit Score,Geography,Age,Original LTV,Delinquency Status,# Accounts,$ Outstandings,# New accounts,$ New accounts,$ Gross contractual charge-offs,$ Bankruptcy charge-offs,$ Recoveries,$ Net charge-offs,$ Adjustment factor,$ Foreclosure,$ New foreclosure,$ Other Real Estate Owned (OREO),$ New OREO,Weighted Average Life of Loans
Example Bank,123456,2025-01,IntFM,010101010101,01: Fixed Rate,01: <= 660,01: Canada,01: <= 3 years,01: < 80,01: Current & 1-29 DPD,665,118.63,0,5.9,4.54,0.85,1.06,4.33,0.78,3.6,4.89,3.19,0.14,17
Example Bank,123456,2025-01,IntFM,010101010102,01: Fixed Rate,01: <= 660,01: Canada,01: <= 3 years,01: < 80,02: 30-89 DPD,944,325.98,18,7.95,1.75,1.11,0.16,2.7,-0.02,2.75,0.4,1.52,1.99,7
Example Bank,123456,2025-01,IntFM,010101010103,01: Fixed Rate,01: <= 660,01: Canada,01: <= 3 years,01: < 80,03: 90-119 DPD,479,408.94,50,4.83,1.51,0.98,1.51,0.98,-0.44,5.48,2.18,3.46,2.19,11
Example Bank,123456,2025-01,IntFM,010101010104,01: Fixed Rate,01: <= 660,01: Canada,01: <= 3 years,01: < 80,04: 120-179 DPD,444,377.04,22,5.36,3.68,0.15,0.28,3.55,0.73,3.57,4.55,4.07,0.28,28
Example Bank,123456,2025-01,IntFM,010101010105,01: Fixed Rate,01: <= 660,01: Canada,01: <= 3 years,01: < 80,05: 180+ DPD,944,421.45,24,16.59,1.17,1.89,0.07,2.99,1.0,5.39,1.59,1.27,0.12,25
Example Bank,123456,2025-01,IntFM,010101010201,01: Fixed Rate,01: <= 660,01: Canada,01: <= 3 years,02: >= 80,01: Current & 1-29 DPD,205,121.72,18,6.37,0.21,1.23,0.0,1.44,-0.77,9.12,2.84,1.79,0.31,11
Example Bank,123456,2025-01,IntFM,010101010202,01: Fixed Rate,01: <= 660,01: Canada,01: <= 3 years,02: >= 80,02: 30-89 DPD,715,244.52,30,12.23,1.17,1.96,1.48,1.65,-0.18,3.69,0.69,1.42,2.53,11
Example Bank,123456,2025-01,IntFM,010101010203,01: Fixed Rate,01: <= 660,01: Canada,01: <= 3 years,02: >= 80,03: 90-119 DPD,713,154.92,1,18.51,3.52,0.77,1.22,3.07,-0.13,7.76,0.02,1.89,1.6,22
Example Bank,123456,2025-01,IntFM,010101010204,01: Fixed Rate,01: <= 660,01: Canada,01: <= 3 years,02: >= 80,04: 120-179 DPD,619,102.2,9,11.93,0.83,0.01,1.02,-0.18,-0.65,4.05,4.05,4.15,2.07,20
Example Bank,123456,2025-01,IntFM,010101010205,01: Fixed Rate,01: <= 660,01: Canada,01: <= 3 years,02: >= 80,05: 180+ DPD,818,85.96,35,8.11,2.85,3.0,0.16,5.69,0.06,6.89,1.11,0.34,0.68,13
Example Bank,123456,2025-01,IntFM,010101020101,01: Fixed Rate,01: <= 660,01: Canada,02: > 3 years,01: < 80,01: Current & 1-29 DPD,169,277.34,43,5.74,0.98,1.64,0.42,2.2,0.72,0.6,2.77,4.32,0.34,8
Example Bank,123456,2025-01,IntFM,010101020102,01: Fixed Rate,01: <= 660,01: Canada,02: > 3 years,01: < 80,02: 30-89 DPD,368,68.29,48,7.81,4.26,0.73,1.39,3.6,-0.71,6.45,1.11,2.35,0.05,8
Example Bank,123456,2025-01,IntFM,010101020103,01: Fixed Rate,01: <= 660,01: Canada,02: > 3 years,01: < 80,03: 90-119 DPD,187,447.43,13,15.76,1.94,2.12,0.1,3.96,-0.47,7.7,0.41,3.26,2.98,17
Example Bank,123456,2025-01,IntFM,010101020104,01: Fixed Rate,01: <= 660,01: Canada,02: > 3 years,01: < 80,04: 120-179 DPD,501,139.36,49,13.19,0.32,2.04,0.28,2.08,-0.26,9.38,2.88,0.12,0.79,5
Example Bank,123456,2025-01,IntFM,010101020105,01: Fixed Rate,01: <= 660,01: Canada,02: > 3 years,01: < 80,05: 180+ DPD,746,432.38,40,16.36,0.57,1.68,1.82,0.43,0.96,9.38,4.09,3.53,2.54,7
Example Bank,123456,2025-01,IntFM,010101020201,01: Fixed Rate,01: <= 660,01: Canada,02: > 3 years,02: >= 80,01: Current & 1-29 DPD,602,409.48,46,14.92,2.68,2.35,1.11,3.92,0.45,3.2,3.09,2.99,1.75,14
Example Bank,123456,2025-01,IntFM,010101020202,01: Fixed Rate,01: <= 660,01: Canada,02: > 3 years,02: >= 80,02: 30-89 DPD,974,467.91,17,10.6,0.68,1.98,1.29,1.37,0.48,6.25,4.26,4.8,0.37,16
Example Bank,123456,2025-01,IntFM,010101020203,01: Fixed Rate,01: <= 660,01: Canada,02: > 3 years,02: >= 80,03: 90-119 DPD,335,143.07,28,15.73,1.38,2.58,0.87,3.09,0.66,0.5,0.84,2.6,1.9,9
Example Bank,123456,2025-01,IntFM,010101020204,01: Fixed Rate,01: <= 660,01: Canada,02: > 3 years,02: >= 80,04: 120-179 DPD,974,75.37,41,4.72,4.09,2.07,1.77,4.39,0.52,4.68,4.57,3.72,2.52,28
Example Bank,123456,2025-01,IntFM,010101020205,01: Fixed Rate,01: <= 660,01: Canada,02: > 3 years,02: >= 80,05: 180+ DPD,224,344.69,26,1.53,1.41,3.0,1.69,2.72,-0.41,0.03,0.04,2.32,1.97,5
Example Bank,123456,2025-01,IntFM,010102010101,01: Fixed Rate,01: <= 660,02: EMEA,01: <= 3 years,01: < 80,01: Current & 1-29 DPD,826,130.72,45,8.97,2.34,2.15,0.04,4.45,-0.04,4.57,0.38,2.12,0.85,5
Example Bank,123456,2025-01,IntFM,010102010102,01: Fixed Rate,01: <= 660,02: EMEA,01: <= 3 years,01: < 80,02: 30-89 DPD,985,187.12,40,7.49,2.16,2.95,0.14,4.97,-0.15,6.26,3.66,2.25,0.19,27
Example Bank,123456,2025-01,IntFM,010102010103,01: Fixed Rate,01: <= 660,02: EMEA,01: <= 3 years,01: < 80,03: 90-119 DPD,218,424.45,15,4.45,3.47,2.42,0.09,5.8,0.62,2.17,4.53,2.44,1.04,16
Example Bank,123456,2025-01,IntFM,010102010104,01: Fixed Rate,01: <= 660,02: EMEA,01: <= 3 years,01: < 80,04: 120-179 DPD,652,275.0,4,10.82,2.68,1.19,1.72,2.15,0.92,5.36,0.15,0.27,1.38,25
Example Bank,123456,2025-01,IntFM,010102010105,01: Fixed Rate,01: <= 660,02: EMEA,01: <= 3 years,01: < 80,05: 180+ DPD,878,464.76,33,3.6,3.13,2.75,0.22,5.66,-0.97,5.75,3.57,1.28,1.38,10
Example Bank,123456,2025-01,IntFM,010102010201,01: Fixed Rate,01: <= 660,02: EMEA,01: <= 3 years,02: >= 80,01: Current & 1-29 DPD,678,387.79,8,7.36,4.42,0.94,0.18,5.18,-0.7,0.47,1.0,0.25,0.24,16
Example Bank,123456,2025-01,IntFM,010102010202,01: Fixed Rate,01: <= 660,02: EMEA,01: <= 3 years,02: >= 80,02: 30-89 DPD,182,320.43,33,11.62,4.35,1.41,0.84,4.92,-0.3,9.31,1.3,3.57,0.34,23
Example Bank,123456,2025-01,IntFM,010102010203,01: Fixed Rate,01: <= 660,02: EMEA,01: <= 3 years,02: >= 80,03: 90-119 DPD,385,287.75,43,14.66,0.77,1.1,0.92,0.95,0.48,8.24,3.45,1.94,0.58,26
Example Bank,123456,2025-01,IntFM,010102010204,01: Fixed Rate,01: <= 660,02: EMEA,01: <= 3 years,02: >= 80,04: 120-179 DPD,552,359.59,33,2.26,3.82,0.96,0.42,4.36,-0.81,1.16,0.85,4.57,1.74,15
Example Bank,123456,2025-01,IntFM,010102010205,01: Fixed Rate,01: <= 660,02: EMEA,01: <= 3 years,02: >= 80,05: 180+ DPD,780,461.85,47,18.63,3.4,2.35,1.74,4.01,0.01,5.67,4.87,2.44,0.55,14
Example Bank,123456,2025-01,IntFM,010102020101,01: Fixed Rate,01: <= 660,02: EMEA,02: > 3 years,01: < 80,01: Current & 1-29 DPD,168,356.91,41,13.08,3.44,0.89,1.32,3.01,0.18,1.91,1.6,1.34,0.31,26
Example Bank,123456,2025-01,IntFM,010102020102,01: Fixed Rate,01: <= 660,02: EMEA,02: > 3 years,01: < 80,02: 30-89 DPD,311,391.26,38,14.03,4.74,0.95,1.64,4.05,0.36,5.07,1.28,0.95,1.92,9
Example Bank,123456,2025-01,IntFM,010102020103,01: Fixed Rate,01: <= 660,02: EMEA,02: > 3 years,01: < 80,03: 90-119 DPD,568,432.35,49,17.19,2.83,1.18,1.23,2.78,-0.65,0.62,3.16,1.73,1.2,29
Example Bank,123456,2025-01,IntFM,010102020104,01: Fixed Rate,01: <= 660,02: EMEA,02: > 3 years,01: < 80,04: 120-179 DPD,177,100.63,30,4.79,1.68,1.54,0.15,3.07,-0.83,7.45,4.93,0.31,2.7,27
Example Bank,123456,2025-01,IntFM,010102020105,01: Fixed Rate,01: <= 660,02: EMEA,02: > 3 years,01: < 80,05: 180+ DPD,922,422.3,17,11.25,1.84,0.25,0.94,1.15,0.58,3.6,0.51,4.87,1.44,13
Example Bank,123456,2025-01,IntFM,010102020201,01: Fixed Rate,01: <= 660,02: EMEA,02: > 3 years,02: >= 80,01: Current & 1-29 DPD,158,362.61,30,1.24,4.53,1.64,0.49,5.68,0.88,2.56,4.84,4.54,0.63,24
Example Bank,123456,2025-01,IntFM,010102020202,01: Fixed Rate,01: <= 660,02: EMEA,02: > 3 years,02: >= 80,02: 30-89 DPD,285,490.52,11,4.39,3.26,2.64,0.86,5.04,-0.57,5.03,4.99,1.36,1.4,21
Example Bank,123456,2025-01,IntFM,010102020203,01: Fixed Rate,01: <= 660,02: EMEA,02: > 3 years,02: >= 80,03: 90-119 DPD,775,175.03,2,6.55,4.51,1.64,1.68,4.47,-0.53,8.32,4.1,3.99,0.65,21
Example Bank,123456,2025-01,IntFM,010102020204,01: Fixed Rate,01: <= 660,02: EMEA,02: > 3 years,02: >= 80,04: 120-179 DPD,281,264.25,46,11.52,0.07,1.82,0.69,1.2,-0.71,9.54,1.39,3.09,1.21,28
Example Bank,123456,2025-01,IntFM,010102020205,01: Fixed Rate,01: <= 660,02: EMEA,02: > 3 years,02: >= 80,05: 180+ DPD,671,116.26,5,14.54,2.35,2.35,1.76,2.94,-0.82,2.92,3.67,0.69,2.84,14
Example Bank,123456,2025-01,IntFM,010103010101,01: Fixed Rate,01: <= 660,03: LATAM,01: <= 3 years,01: < 80,01: Current & 1-29 DPD,705,262.9,10,11.58,4.58,1.15,1.27,4.46,0.54,0.44,1.61,2.85,2.96,10
Example Bank,123456,2025-01,IntFM,010103010102,01: Fixed Rate,01: <= 660,03: LATAM,01: <= 3 years,01: < 80,02: 30-89 DPD,892,268.79,16,6.96,1.66,2.17,1.84,1.99,-0.55,4.51,4.73,0.54,0.19,28
Example Bank,123456,2025-01,IntFM,010103010103,01: Fixed Rate,01: <= 660,03: LATAM,01: <= 3 years,01: < 80,03: 90-119 DPD,991,496.98,23,1.3,0.78,1.18,1.11,0.85,0.1,1.7,3.87,3.73,2.74,21
Example Bank,123456,2025-01,IntFM,010103010104,01: Fixed Rate,01: <= 660,03: LATAM,01: <= 3 years,01: < 80,04: 120-179 DPD,168,169.65,20,17.18,0.42,0.19,1.8,-1.19,-0.28,7.88,3.58,3.7,0.52,28
Example Bank,123456,2025-01,IntFM,010103010105,01: Fixed Rate,01: <= 660,03: LATAM,01: <= 3 years,01: < 80,05: 180+ DPD,994,334.95,11,8.43,1.7,0.94,1.75,0.89,-0.33,0.45,3.93,1.23,1.45,12
Example Bank,123456,2025-01,IntFM,010103010201,01: Fixed Rate,01: <= 660,03: LATAM,01: <= 3 years,02: >= 80,01: Current & 1-29 DPD,592,458.26,10,16.0,3.1,0.67,1.86,1.91,0.28,4.58,1.06,3.59,1.67,16
Example Bank,123456,2025-01,IntFM,010103010202,01: Fixed Rate,01: <= 660,03: LATAM,01: <= 3 years,02: >= 80,02: 30-89 DPD,302,424.07,33,1.4,1.04,0.16,0.77,0.43,-0.73,9.93,2.9,4.88,1.4,22
Example Bank,123456,2025-01,IntFM,010103010203,01: Fixed Rate,01: <= 660,03: LATAM,01: <= 3 years,02: >= 80,03: 90-119 DPD,556,217.23,49,7.61,3.27,0.25,1.24,2.28,0.94,3.06,4.18,3.45,2.28,17
Example Bank,123456,2025-01,IntFM,010103010204,01: Fixed Rate,01: <= 660,03: LATAM,01: <= 3 years,02: >= 80,04: 120-179 DPD,128,247.38,30,7.03,1.27,1.2,0.54,1.93,-0.39,1.18,1.52,1.66,1.71,22
Example Bank,123456,2025-01,IntFM,010103010205,01: Fixed Rate,01: <= 660,03: LATAM,01: <= 3 years,02: >= 80,05: 180+ DPD,876,416.81,16,2.43,2.4,1.38,0.95,2.83,0.39,1.97,4.02,1.96,0.13,27
Example Bank,123456,2025-01,IntFM,010103020101,01: Fixed Rate,01: <= 660,03: LATAM,02: > 3 years,01: < 80,01: Current & 1-29 DPD,772,207.74,2,14.68,4.62,2.37,0.45,6.54,0.45,7.18,4.28,2.88,2.65,10
Example Bank,123456,2025-01,IntFM,010103020102,01: Fixed Rate,01: <= 660,03: LATAM,02: > 3 years,01: < 80,02: 30-89 DPD,583,430.62,14,17.68,3.77,0.21,0.84,3.14,0.23,8.54,0.3,4.48,1.97,15
Example Bank,123456,2025-01,IntFM,010103020103,01: Fixed Rate,01: <= 660,03: LATAM,02: > 3 years,01: < 80,03: 90-119 DPD,541,466.4,8,10.64,1.87,0.15,0.83,1.19,-1.0,0.73,1.28,4.18,0.56,14
Example Bank,123456,2025-01,IntFM,010103020104,01: Fixed Rate,01: <= 660,03: LATAM,02: > 3 years,01: < 80,04: 120-179 DPD,558,348.51,9,1.64,4.03,2.74,1.55,5.22,-0.86,7.64,2.76,4.46,2.73,29
Example Bank,123456,2025-01,IntFM,010103020105,01: Fixed Rate,01: <= 660,03: LATAM,02: > 3 years,01: < 80,05: 180+ DPD,465,396.05,17,3.57,1.44,1.75,0.8,2.39,0.81,9.48,1.22,2.99,2.82,14
Example Bank,123456,2025-01,IntFM,010103020201,01: Fixed Rate,01: <= 660,03: LATAM,02: > 3 years,02: >= 80,01: Current & 1-29 DPD,544,498.22,43,10.85,0.21,2.71,0.71,2.21,-0.86,3.17,4.13,3.78,1.64,6
Example Bank,123456,2025-01,IntFM,010103020202,01: Fixed Rate,01: <= 660,03: LATAM,02: > 3 years,02: >= 80,02: 30-89 DPD,127,59.6,27,13.4,2.25,1.2,0.55,2.9,0.35,5.16,4.88,1.39,1.74,13
Example Bank,123456,2025-01,IntFM,010103020203,01: Fixed Rate,01: <= 660,03: LATAM,02: > 3 years,02: >= 80,03: 90-119 DPD,172,187.69,35,16.55,3.11,1.05,0.71,3.45,0.31,3.91,4.4,0.11,1.9,12
Example Bank,123456,2025-01,IntFM,010103020204,01: Fixed Rate,01: <= 660,03: LATAM,02: > 3 years,02: >= 80,04: 120-179 DPD,399,128.9,7,1.63,2.02,1.53,1.77,1.78,0.42,7.3,3.42,3.22,2.4,19
Example Bank,123456,2025-01,IntFM,010103020205,01: Fixed Rate,01: <= 660,03: LATAM,02: > 3 years,02: >= 80,05: 180+ DPD,408,486.76,34,1.15,0.85,2.56,1.67,1.74,0.68,0.41,0.19,3.24,0.1,26
Example Bank,123456,2025-01,IntFM,010104010101,01: Fixed Rate,01: <= 660,04: APAC,01: <= 3 years,01: < 80,01: Current & 1-29 DPD,215,234.27,34,1.01,1.3,0.15,0.21,1.24,-0.81,2.14,1.76,3.49,0.13,29
Example Bank,123456,2025-01,IntFM,010104010102,01: Fixed Rate,01: <= 660,04: APAC,01: <= 3 years,01: < 80,02: 30-89 DPD,257,326.62,26,10.17,1.34,0.65,1.17,0.82,0.45,9.19,4.5,2.06,0.09,6
Example Bank,123456,2025-01,IntFM,010104010103,01: Fixed Rate,01: <= 660,04: APAC,01: <= 3 years,01: < 80,03: 90-119 DPD,699,147.32,16,11.98,4.42,1.1,0.46,5.06,0.77,2.1,3.72,0.11,1.1,30
Example Bank,123456,2025-01,IntFM,010104010104,01: Fixed Rate,01: <= 660,04: APAC,01: <= 3 years,01: < 80,04: 120-179 DPD,282,210.77,18,12.86,1.56,1.61,1.9,1.27,-0.85,5.85,0.71,1.55,0.93,15
Example Bank,123456,2025-01,IntFM,010104010105,01: Fixed Rate,01: <= 660,04: APAC,01: <= 3 years,01: < 80,05: 180+ DPD,766,323.07,17,3.69,2.87,0.32,0.81,2.38,-0.78,2.77,3.68,4.83,0.66,6
Example Bank,123456,2025-01,IntFM,010104010201,01: Fixed Rate,01: <= 660,04: APAC,01: <= 3 years,02: >= 80,01: Current & 1-29 DPD,132,318.82,29,12.86,3.11,1.22,0.12,4.21,0.87,4.4,1.1,1.87,2.35,20
Example Bank,123456,2025-01,IntFM,010104010202,01: Fixed Rate,01: <= 660,04: APAC,01: <= 3 years,02: >= 80,02: 30-89 DPD,490,194.45,12,16.23,3.73,2.41,1.99,4.15,-0.99,2.46,2.97,2.66,1.19,26
Example Bank,123456,2025-01,IntFM,010104010203,01: Fixed Rate,01: <= 660,04: APAC,01: <= 3 years,02: >= 80,03: 90-119 DPD,683,124.93,36,4.76,2.44,2.63,0.09,4.98,0.41,9.84,4.87,1.63,2.13,22
Example Bank,123456,2025-01,IntFM,010104010204,01: Fixed Rate,01: <= 660,04: APAC,01: <= 3 years,02: >= 80,04: 120-179 DPD,392,111.38,32,14.69,3.45,1.23,0.71,3.97,0.69,8.19,0.0,1.12,0.44,14
Example Bank,123456,2025-01,IntFM,010104010205,01: Fixed Rate,01: <= 660,04: APAC,01: <= 3 years,02: >= 80,05: 180+ DPD,739,129.8,2,1.85,2.78,2.94,0.22,5.5,0.23,5.64,4.72,0.27,0.25,19
Example Bank,123456,2025-01,IntFM,010104020101,01: Fixed Rate,01: <= 660,04: APAC,02: > 3 years,01: < 80,01: Current & 1-29 DPD,603,171.83,2,15.91,2.84,0.44,0.99,2.29,0.97,9.05,1.41,4.83,0.89,19
Example Bank,123456,2025-01,IntFM,010104020102,01: Fixed Rate,01: <= 660,04: APAC,02: > 3 years,01: < 80,02: 30-89 DPD,220,162.49,4,8.23,3.09,0.18,1.83,1.44,-0.22,0.67,3.26,1.85,0.13,18
Example Bank,123456,2025-01,IntFM,010104020103,01: Fixed Rate,01: <= 660,04: APAC,02: > 3 years,01: < 80,03: 90-119 DPD,738,118.09,5,10.18,3.98,2.68,0.03,6.63,0.82,1.2,0.82,0.54,1.05,27
Example Bank,123456,2025-01,IntFM,010104020104,01: Fixed Rate,01: <= 660,04: APAC,02: > 3 years,01: < 80,04: 120-179 DPD,769,100.92,38,6.32,4.18,1.39,1.84,3.73,0.24,8.41,4.52,2.13,0.53,18
Example Bank,123456,2025-01,IntFM,010104020105,01: Fixed Rate,01: <= 660,04: APAC,02: > 3 years,01: < 80,05: 180+ DPD,702,468.2,11,17.53,0.96,2.92,1.35,2.53,-0.77,6.93,1.28,3.51,1.99,6
Example Bank,123456,2025-01,IntFM,010104020201,01: Fixed Rate,01: <= 660,04: APAC,02: > 3 years,02: >= 80,01: Current & 1-29 DPD,997,151.21,14,19.42,1.27,2.92,1.62,2.57,-0.42,1.81,0.87,4.93,0.13,17
Example Bank,123456,2025-01,IntFM,010104020202,01: Fixed Rate,01: <= 660,04: APAC,02: > 3 years,02: >= 80,02: 30-89 DPD,761,471.51,39,7.68,1.7,1.01,0.93,1.78,0.95,8.59,2.86,3.17,1.62,8
Example Bank,123456,2025-01,IntFM,010104020203,01: Fixed Rate,01: <= 660,04: APAC,02: > 3 years,02: >= 80,03: 90-119 DPD,836,266.03,29,10.44,1.65,0.07,0.27,1.45,-0.02,4.98,0.74,1.73,1.46,11
Example Bank,123456,2025-01,IntFM,010104020204,01: Fixed Rate,01: <= 660,04: APAC,02: > 3 years,02: >= 80,04: 120-179 DPD,922,87.39,12,3.4,1.68,1.14,1.09,1.73,-0.6,1.51,2.34,4.78,1.55,15
Example Bank,123456,2025-01,IntFM,010104020205,01: Fixed Rate,01: <= 660,04: APAC,02: > 3 years,02: >= 80,05: 180+ DPD,207,246.89,34,19.58,2.05,0.47,1.18,1.34,-0.01,9.51,1.57,3.16,1.8,14
Example Bank,123456,2025-01,IntFM,010201010101,01: Fixed Rate,02: > 660,01: Canada,01: <= 3 years,01: < 80,01: Current & 1-29 DPD,173,389.82,11,15.6,2.46,1.82,1.83,2.45,-0.36,4.24,2.16,4.73,2.79,10
Example Bank,123456,2025-01,IntFM,010201010102,01: Fixed Rate,02: > 660,01: Canada,01: <= 3 years,01: < 80,02: 30-89 DPD,839,362.26,43,5.8,2.28,2.02,1.28,3.02,-0.63,5.15,2.16,4.1,1.53,29
Example Bank,123456,2025-01,IntFM,010201010103,01: Fixed Rate,02: > 660,01: Canada,01: <= 3 years,01: < 80,03: 90-119 DPD,941,322.61,33,12.99,3.95,2.38,0.21,6.12,0.03,9.87,4.0,0.08,1.73,14
Example Bank,123456,2025-01,IntFM,010201010104,01: Fixed Rate,02: > 660,01: Canada,01: <= 3 years,01: < 80,04: 120-179 DPD,245,171.84,28,3.33,3.94,0.65,1.74,2.85,0.49,1.88,2.92,4.65,1.8,28
Example Bank,123456,2025-01,IntFM,010201010105,01: Fixed Rate,02: > 660,01: Canada,01: <= 3 years,01: < 80,05: 180+ DPD,809,245.14,24,13.47,3.34,2.48,0.76,5.06,0.99,3.37,1.3,0.05,2.77,24
Example Bank,123456,2025-01,IntFM,010201010201,01: Fixed Rate,02: > 660,01: Canada,01: <= 3 years,02: >= 80,01: Current & 1-29 DPD,420,373.27,0,12.41,1.63,2.39,0.63,3.39,0.47,1.98,1.69,2.5,0.98,29
Example Bank,123456,2025-01,IntFM,010201010202,01: Fixed Rate,02: > 660,01: Canada,01: <= 3 years,02: >= 80,02: 30-89 DPD,635,134.39,40,16.71,0.09,0.27,0.01,0.35,0.31,1.36,0.52,4.82,1.65,21
Example Bank,123456,2025-01,IntFM,010201010203,01: Fixed Rate,02: > 660,01: Canada,01: <= 3 years,02: >= 80,03: 90-119 DPD,655,107.88,0,6.36,0.47,0.89,1.24,0.12,0.3,7.5,0.77,1.17,2.86,8
Example Bank,123456,2025-01,IntFM,010201010204,01: Fixed Rate,02: > 660,01: Canada,01: <= 3 years,02: >= 80,04: 120-179 DPD,928,88.7,45,9.53,3.14,0.8,1.74,2.2,0.55,5.33,1.1,2.12,0.06,22
Example Bank,123456,2025-01,IntFM,010201010205,01: Fixed Rate,02: > 660,01: Canada,01: <= 3 years,02: >= 80,05: 180+ DPD,286,384.46,3,5.13,0.72,0.5,1.01,0.21,-0.63,1.37,0.61,4.79,1.55,21
Example Bank,123456,2025-01,IntFM,010201020101,01: Fixed Rate,02: > 660,01: Canada,02: > 3 years,01: < 80,01: Current & 1-29 DPD,817,467.03,28,2.04,3.21,1.21,1.55,2.87,-0.73,9.85,2.64,4.63,1.99,25
Example Bank,123456,2025-01,IntFM,010201020102,01: Fixed Rate,02: > 660,01: Canada,02: > 3 years,01: < 80,02: 30-89 DPD,551,97.05,26,19.36,3.92,2.22,0.99,5.15,0.38,9.12,2.66,4.21,2.99,20
Example Bank,123456,2025-01,IntFM,010201020103,01: Fixed Rate,02: > 660,01: Canada,02: > 3 years,01: < 80,03: 90-119 DPD,121,199.2,17,15.69,0.17,2.88,1.6,1.45,0.71,9.41,2.41,3.67,0.01,19
Example Bank,123456,2025-01,IntFM,010201020104,01: Fixed Rate,02: > 660,01: Canada,02: > 3 years,01: < 80,04: 120-179 DPD,114,61.82,19,3.97,0.13,2.62,0.49,2.26,-0.89,3.36,3.98,0.63,0.33,18
Example Bank,123456,2025-01,IntFM,010201020105,01: Fixed Rate,02: > 660,01: Canada,02: > 3 years,01: < 80,05: 180+ DPD,944,64.28,22,15.52,3.41,2.19,1.1,4.5,-0.97,9.86,2.37,2.84,0.36,13
Example Bank,123456,2025-01,IntFM,010201020201,01: Fixed Rate,02: > 660,01: Canada,02: > 3 years,02: >= 80,01: Current & 1-29 DPD,476,119.63,15,15.31,1.54,1.73,1.29,1.98,-0.3,4.69,4.76,2.27,2.13,7
Example Bank,123456,2025-01,IntFM,010201020202,01: Fixed Rate,02: > 660,01: Canada,02: > 3 years,02: >= 80,02: 30-89 DPD,286,199.4,35,9.58,2.06,0.21,1.88,0.39,0.15,2.96,1.65,3.14,2.72,7
Example Bank,123456,2025-01,IntFM,010201020203,01: Fixed Rate,02: > 660,01: Canada,02: > 3 years,02: >= 80,03: 90-119 DPD,435,134.89,42,18.72,3.13,2.9,1.47,4.56,-0.26,8.9,1.06,4.72,2.17,8
Example Bank,123456,2025-01,IntFM,010201020204,01: Fixed Rate,02: > 660,01: Canada,02: > 3 years,02: >= 80,04: 120-179 DPD,921,474.26,43,1.31,3.09,1.2,1.85,2.44,-0.49,3.12,2.23,4.41,1.72,13
Example Bank,123456,2025-01,IntFM,010201020205,01: Fixed Rate,02: > 660,01: Canada,02: > 3 years,02: >= 80,05: 180+ DPD,127,64.14,14,8.46,3.22,1.99,0.8,4.41,-0.33,0.31,3.28,1.41,1.41,26
Example Bank,123456,2025-01,IntFM,010202010101,01: Fixed Rate,02: > 660,02: EMEA,01: <= 3 years,01: < 80,01: Current & 1-29 DPD,465,296.02,33,11.36,2.22,1.67,0.93,2.96,-0.08,1.17,3.38,1.0,0.39,6
Example Bank,123456,2025-01,IntFM,010202010102,01: Fixed Rate,02: > 660,02: EMEA,01: <= 3 years,01: < 80,02: 30-89 DPD,683,427.72,27,3.11,4.18,0.74,1.21,3.71,-0.6,3.96,1.22,0.26,2.6,8
Example Bank,123456,2025-01,IntFM,010202010103,01: Fixed Rate,02: > 660,02: EMEA,01: <= 3 years,01: < 80,03: 90-119 DPD,898,224.04,5,1.58,3.98,2.59,1.26,5.31,-0.31,9.1,3.89,4.17,1.48,30
Example Bank,123456,2025-01,IntFM,010202010104,01: Fixed Rate,02: > 660,02: EMEA,01: <= 3 years,01: < 80,04: 120-179 DPD,660,226.38,24,19.81,2.28,1.39,1.22,2.45,-0.11,9.16,2.47,3.01,0.13,15
Example Bank,123456,2025-01,IntFM,010202010105,01: Fixed Rate,02: > 660,02: EMEA,01: <= 3 years,01: < 80,05: 180+ DPD,974,418.48,40,8.69,3.48,0.33,0.31,3.5,-0.7,0.56,0.69,2.15,1.95,19
Example Bank,123456,2025-01,IntFM,010202010201,01: Fixed Rate,02: > 660,02: EMEA,01: <= 3 years,02: >= 80,01: Current & 1-29 DPD,550,286.59,16,1.76,3.62,2.4,0.16,5.86,-0.21,7.42,3.84,1.44,2.83,10
Example Bank,123456,2025-01,IntFM,010202010202,01: Fixed Rate,02: > 660,02: EMEA,01: <= 3 years,02: >= 80,02: 30-89 DPD,930,465.35,40,12.73,3.61,0.84,0.74,3.71,0.84,6.58,0.64,1.78,0.95,27
Example Bank,123456,2025-01,IntFM,010202010203,01: Fixed Rate,02: > 660,02: EMEA,01: <= 3 years,02: >= 80,03: 90-119 DPD,549,213.1,20,16.29,3.23,2.22,1.22,4.23,-0.41,4.34,1.68,1.75,0.93,5
Example Bank,123456,2025-01,IntFM,010202010204,01: Fixed Rate,02: > 660,02: EMEA,01: <= 3 years,02: >= 80,04: 120-179 DPD,116,461.42,18,10.05,4.97,0.74,1.53,4.18,-0.03,4.76,4.34,4.29,2.2,21
Example Bank,123456,2025-01,IntFM,010202010205,01: Fixed Rate,02: > 660,02: EMEA,01: <= 3 years,02: >= 80,05: 180+ DPD,892,453.44,45,18.42,4.25,1.81,1.97,4.09,-0.71,3.99,1.21,1.14,1.86,28
Example Bank,123456,2025-01,IntFM,010202020101,01: Fixed Rate,02: > 660,02: EMEA,02: > 3 years,01: < 80,01: Current & 1-29 DPD,782,59.08,44,15.59,2.17,2.0,0.11,4.06,0.48,4.09,0.91,3.98,2.14,7
Example Bank,123456,2025-01,IntFM,010202020102,01: Fixed Rate,02: > 660,02: EMEA,02: > 3 years,01: < 80,02: 30-89 DPD,515,63.37,4,3.43,1.6,0.78,1.04,1.34,-0.59,1.8,3.01,2.02,1.34,29
Example Bank,123456,2025-01,IntFM,010202020103,01: Fixed Rate,02: > 660,02: EMEA,02: > 3 years,01: < 80,03: 90-119 DPD,791,462.95,12,18.04,2.24,0.33,0.03,2.54,-0.16,1.5,0.5,3.13,2.15,8
Example Bank,123456,2025-01,IntFM,010202020104,01: Fixed Rate,02: > 660,02: EMEA,02: > 3 years,01: < 80,04: 120-179 DPD,343,132.86,26,5.64,1.05,0.65,0.21,1.49,0.25,4.45,0.86,2.6,1.42,21
Example Bank,123456,2025-01,IntFM,010202020105,01: Fixed Rate,02: > 660,02: EMEA,02: > 3 years,01: < 80,05: 180+ DPD,942,376.3,49,7.4,3.83,1.05,1.39,3.49,-0.91,8.02,1.01,0.1,2.6,30
Example Bank,123456,2025-01,IntFM,010202020201,01: Fixed Rate,02: > 660,02: EMEA,02: > 3 years,02: >= 80,01: Current & 1-29 DPD,590,410.75,39,1.45,4.33,1.93,1.95,4.31,-0.52,8.85,3.39,3.77,1.88,22
Example Bank,123456,2025-01,IntFM,010202020202,01: Fixed Rate,02: > 660,02: EMEA,02: > 3 years,02: >= 80,02: 30-89 DPD,115,360.82,13,8.6,1.42,1.33,1.31,1.44,-0.51,1.68,0.06,1.91,1.98,12
Example Bank,123456,2025-01,IntFM,010202020203,01: Fixed Rate,02: > 660,02: EMEA,02: > 3 years,02: >= 80,03: 90-119 DPD,794,140.01,31,4.73,0.61,1.55,1.89,0.27,-0.26,5.99,4.16,1.2,1.09,13
Example Bank,123456,2025-01,IntFM,010202020204,01: Fixed Rate,02: > 660,02: EMEA,02: > 3 years,02: >= 80,04: 120-179 DPD,482,366.33,32,13.65,1.91,0.6,0.51,2.0,-0.95,6.23,1.58,3.31,2.79,30
Example Bank,123456,2025-01,IntFM,010202020205,01: Fixed Rate,02: > 660,02: EMEA,02: > 3 years,02: >= 80,05: 180+ DPD,848,461.87,28,2.45,0.64,1.15,2.0,-0.21,-0.88,2.66,1.42,4.08,2.96,16
Example Bank,123456,2025-01,IntFM,010203010101,01: Fixed Rate,02: > 660,03: LATAM,01: <= 3 years,01: < 80,01: Current & 1-29 DPD,176,149.42,39,7.85,1.2,2.03,0.58,2.65,0.26,0.28,2.1,2.33,1.9,18
Example Bank,123456,2025-01,IntFM,010203010102,01: Fixed Rate,02: > 660,03: LATAM,01: <= 3 years,01: < 80,02: 30-89 DPD,722,373.02,15,10.69,4.66,2.88,0.44,7.1,0.44,8.52,2.78,3.4,1.17,22
Example Bank,123456,2025-01,IntFM,010203010103,01: Fixed Rate,02: > 660,03: LATAM,01: <= 3 years,01: < 80,03: 90-119 DPD,949,450.97,29,19.18,1.44,1.85,1.19,2.1,-0.45,7.82,1.65,3.52,1.21,5
Example Bank,123456,2025-01,IntFM,010203010104,01: Fixed Rate,02: > 660,03: LATAM,01: <= 3 years,01: < 80,04: 120-179 DPD,757,430.99,46,3.31,4.6,1.52,1.94,4.18,-0.42,5.56,0.7,1.36,1.99,13
Example Bank,123456,2025-01,IntFM,010203010105,01: Fixed Rate,02: > 660,03: LATAM,01: <= 3 years,01: < 80,05: 180+ DPD,983,147.88,17,15.72,4.78,1.97,1.37,5.38,0.13,4.56,0.36,3.86,2.61,13
Example Bank,123456,2025-01,IntFM,010203010201,01: Fixed Rate,02: > 660,03: LATAM,01: <= 3 years,02: >= 80,01: Current & 1-29 DPD,979,338.49,9,2.74,2.53,1.52,1.46,2.59,-0.92,10.0,4.85,0.17,2.97,6
Example Bank,123456,2025-01,IntFM,010203010202,01: Fixed Rate,02: > 660,03: LATAM,01: <= 3 years,02: >= 80,02: 30-89 DPD,266,241.87,0,19.12,3.32,2.68,1.08,4.92,-0.98,1.81,2.83,0.28,1.63,14
Example Bank,123456,2025-01,IntFM,010203010203,01: Fixed Rate,02: > 660,03: LATAM,01: <= 3 years,02: >= 80,03: 90-119 DPD,511,143.91,15,15.22,1.43,0.08,0.21,1.3,0.06,4.03,2.19,3.89,1.94,14
Example Bank,123456,2025-01,IntFM,010203010204,01: Fixed Rate,02: > 660,03: LATAM,01: <= 3 years,02: >= 80,04: 120-179 DPD,652,71.14,36,7.47,0.61,2.42,1.52,1.51,0.48,0.07,1.68,3.94,0.04,15
Example Bank,123456,2025-01,IntFM,010203010205,01: Fixed Rate,02: > 660,03: LATAM,01: <= 3 years,02: >= 80,05: 180+ DPD,846,333.72,36,2.41,2.73,1.97,1.27,3.43,-0.21,6.27,1.12,2.75,0.17,5
Example Bank,123456,2025-01,IntFM,010203020101,01: Fixed Rate,02: > 660,03: LATAM,02: > 3 years,01: < 80,01: Current & 1-29 DPD,518,226.36,49,3.84,4.95,1.74,1.02,5.67,0.92,2.2,2.8,2.18,1.78,28
Example Bank,123456,2025-01,IntFM,010203020102,01: Fixed Rate,02: > 660,03: LATAM,02: > 3 years,01: < 80,02: 30-89 DPD,766,258.38,9,14.72,2.3,2.05,1.09,3.26,0.78,2.17,4.6,0.78,0.62,23
Example Bank,123456,2025-01,IntFM,010203020103,01: Fixed Rate,02: > 660,03: LATAM,02: > 3 years,01: < 80,03: 90-119 DPD,913,134.63,22,13.19,1.25,2.91,0.36,3.8,0.99,2.95,1.02,1.31,1.79,19
Example Bank,123456,2025-01,IntFM,010203020104,01: Fixed Rate,02: > 660,03: LATAM,02: > 3 years,01: < 80,04: 120-179 DPD,977,460.48,26,11.49,4.11,1.74,1.06,4.79,0.39,1.86,1.62,0.33,0.91,18
Example Bank,123456,2025-01,IntFM,010203020105,01: Fixed Rate,02: > 660,03: LATAM,02: > 3 years,01: < 80,05: 180+ DPD,997,352.56,4,3.82,2.46,0.82,0.05,3.23,-0.48,5.42,0.25,3.44,2.37,21
Example Bank,123456,2025-01,IntFM,010203020201,01: Fixed Rate,02: > 660,03: LATAM,02: > 3 years,02: >= 80,01: Current & 1-29 DPD,709,238.16,50,19.76,4.96,0.11,0.04,5.03,0.03,1.81,0.6,1.07,0.13,14
Example Bank,123456,2025-01,IntFM,010203020202,01: Fixed Rate,02: > 660,03: LATAM,02: > 3 years,02: >= 80,02: 30-89 DPD,314,339.39,3,14.66,3.81,1.7,0.25,5.26,-0.6,1.74,4.12,0.44,1.11,6
Example Bank,123456,2025-01,IntFM,010203020203,01: Fixed Rate,02: > 660,03: LATAM,02: > 3 years,02: >= 80,03: 90-119 DPD,536,338.28,44,12.48,2.34,0.3,1.23,1.41,-0.63,5.17,4.01,1.58,0.28,5
Example Bank,123456,2025-01,IntFM,010203020204,01: Fixed Rate,02: > 660,03: LATAM,02: > 3 years,02: >= 80,04: 120-179 DPD,208,239.85,24,15.22,0.41,1.92,1.45,0.88,0.41,5.66,0.13,4.62,0.54,19
Example Bank,123456,2025-01,IntFM,010203020205,01: Fixed Rate,02: > 660,03: LATAM,02: > 3 years,02: >= 80,05: 180+ DPD,320,166.21,20,16.58,0.92,0.99,1.76,0.15,-0.64,5.01,3.79,0.25,0.96,14
Example Bank,123456,2025-01,IntFM,010204010101,01: Fixed Rate,02: > 660,04: APAC,01: <= 3 years,01: < 80,01: Current & 1-29 DPD,281,436.24,42,3.63,0.01,2.82,0.83,2.0,-0.87,4.15,4.01,3.75,0.29,5
Example Bank,123456,2025-01,IntFM,010204010102,01: Fixed Rate,02: > 660,04: APAC,01: <= 3 years,01: < 80,02: 30-89 DPD,301,243.53,28,5.97,1.66,1.09,1.29,1.46,0.96,2.86,2.67,3.71,0.75,27
Example Bank,123456,2025-01,IntFM,010204010103,01: Fixed Rate,02: > 660,04: APAC,01: <= 3 years,01: < 80,03: 90-119 DPD,558,153.47,8,19.77,3.52,1.12,1.42,3.22,-0.58,5.56,2.98,0.1,0.8,26
Example Bank,123456,2025-01,IntFM,010204010104,01: Fixed Rate,02: > 660,04: APAC,01: <= 3 years,01: < 80,04: 120-179 DPD,941,77.19,42,9.13,1.84,1.84,0.72,2.96,0.57,3.3,3.61,0.63,2.16,8
Example Bank,123456,2025-01,IntFM,010204010105,01: Fixed Rate,02: > 660,04: APAC,01: <= 3 years,01: < 80,05: 180+ DPD,886,113.06,14,11.47,1.82,1.09,2.0,0.91,-0.4,4.33,0.69,3.77,1.11,19
Example Bank,123456,2025-01,IntFM,010204010201,01: Fixed Rate,02: > 660,04: APAC,01: <= 3 years,02: >= 80,01: Current & 1-29 DPD,677,364.78,4,12.72,3.23,1.75,1.73,3.25,-0.08,9.73,0.73,3.47,1.07,15
Example Bank,123456,2025-01,IntFM,010204010202,01: Fixed Rate,02: > 660,04: APAC,01: <= 3 years,02: >= 80,02: 30-89 DPD,134,335.42,19,1.93,3.19,0.71,0.11,3.79,-0.74,5.1,2.78,3.2,0.82,22
Example Bank,123456,2025-01,IntFM,010204010203,01: Fixed Rate,02: > 660,04: APAC,01: <= 3 years,02: >= 80,03: 90-119 DPD,852,330.74,13,8.09,4.2,2.84,0.52,6.52,0.7,1.8,0.66,1.79,1.96,7
Example Bank,123456,2025-01,IntFM,010204010204,01: Fixed Rate,02: > 660,04: APAC,01: <= 3 years,02: >= 80,04: 120-179 DPD,964,155.3,27,7.08,3.99,0.37,0.53,3.83,0.37,5.62,0.62,2.23,1.52,27
Example Bank,123456,2025-01,IntFM,010204010205,01: Fixed Rate,02: > 660,04: APAC,01: <= 3 years,02: >= 80,05: 180+ DPD,846,151.78,37,10.77,3.54,2.2,0.3,5.44,0.56,2.06,3.36,4.5,2.45,20
Example Bank,123456,2025-01,IntFM,010204020101,01: Fixed Rate,02: > 660,04: APAC,02: > 3 years,01: < 80,01: Current & 1-29 DPD,519,127.63,50,18.41,0.57,1.7,0.21,2.06,-0.12,6.09,4.82,1.09,0.62,29
Example Bank,123456,2025-01,IntFM,010204020102,01: Fixed Rate,02: > 660,04: APAC,02: > 3 years,01: < 80,02: 30-89 DPD,413,304.56,45,6.0,2.26,0.83,0.32,2.77,-0.53,6.9,2.02,3.78,0.25,22
Example Bank,123456,2025-01,IntFM,010204020103,01: Fixed Rate,02: > 660,04: APAC,02: > 3 years,01: < 80,03: 90-119 DPD,128,160.8,6,14.83,0.52,0.06,1.45,-0.87,0.2,8.96,4.44,0.28,0.78,27
Example Bank,123456,2025-01,IntFM,010204020104,01: Fixed Rate,02: > 660,04: APAC,02: > 3 years,01: < 80,04: 120-179 DPD,458,330.86,19,6.19,2.02,2.67,0.75,3.94,0.07,1.42,3.72,2.02,1.41,18
Example Bank,123456,2025-01,IntFM,010204020105,01: Fixed Rate,02: > 660,04: APAC,02: > 3 years,01: < 80,05: 180+ DPD,364,395.09,45,15.66,0.63,2.88,1.75,1.76,-0.51,8.52,0.68,3.2,0.76,5
Example Bank,123456,2025-01,IntFM,010204020201,01: Fixed Rate,02: > 660,04: APAC,02: > 3 years,02: >= 80,01: Current & 1-29 DPD,546,401.96,49,17.75,3.58,1.62,0.81,4.39,0.27,7.42,0.65,1.45,1.96,28
Example Bank,123456,2025-01,IntFM,010204020202,01: Fixed Rate,02: > 660,04: APAC,02: > 3 years,02: >= 80,02: 30-89 DPD,667,419.96,15,4.48,0.85,1.53,1.56,0.82,0.98,8.42,0.95,0.87,2.67,12
Example Bank,123456,2025-01,IntFM,010204020203,01: Fixed Rate,02: > 660,04: APAC,02: > 3 years,02: >= 80,03: 90-119 DPD,806,433.26,49,17.75,2.62,1.31,0.33,3.6,0.31,9.27,2.61,1.51,2.85,9
Example Bank,123456,2025-01,IntFM,010204020204,01: Fixed Rate,02: > 660,04: APAC,02: > 3 years,02: >= 80,04: 120-179 DPD,967,464.27,4,7.15,3.31,1.31,1.81,2.81,0.79,2.26,4.87,3.62,0.31,27
Example Bank,123456,2025-01,IntFM,010204020205,01: Fixed Rate,02: > 660,04: APAC,02: > 3 years,02: >= 80,05: 180+ DPD,374,168.72,38,11.02,2.46,2.63,1.86,3.23,-0.03,7.16,4.38,0.59,2.96,22
Example Bank,123456,2025-01,IntFM,010301010101,01: Fixed Rate,03: N/A,01: Canada,01: <= 3 years,01: < 80,01: Current & 1-29 DPD,280,226.51,41,13.69,3.14,1.52,1.27,3.39,-0.99,7.54,2.08,3.5,2.03,12
Example Bank,123456,2025-01,IntFM,010301010102,01: Fixed Rate,03: N/A,01: Canada,01: <= 3 years,01: < 80,02: 30-89 DPD,980,192.19,37,11.08,3.63,1.01,1.97,2.67,-0.58,0.99,4.48,1.78,1.27,11
Example Bank,123456,2025-01,IntFM,010301010103,01: Fixed Rate,03: N/A,01: Canada,01: <= 3 years,01: < 80,03: 90-119 DPD,266,286.0,42,1.19,0.13,2.91,1.94,1.1,0.93,3.56,1.31,4.91,1.01,8
Example Bank,123456,2025-01,IntFM,010301010104,01: Fixed Rate,03: N/A,01: Canada,01: <= 3 years,01: < 80,04: 120-179 DPD,443,285.29,34,13.89,0.51,1.11,0.43,1.19,0.61,3.82,1.86,0.88,1.12,6
Example Bank,123456,2025-01,IntFM,010301010105,01: Fixed Rate,03: N/A,01: Canada,01: <= 3 years,01: < 80,05: 180+ DPD,183,324.19,33,18.62,3.7,2.18,1.4,4.48,0.56,6.06,4.46,0.77,2.85,13
Example Bank,123456,2025-01,IntFM,010301010201,01: Fixed Rate,03: N/A,01: Canada,01: <= 3 years,02: >= 80,01: Current & 1-29 DPD,357,170.55,20,2.9,2.58,2.24,1.32,3.5,-0.47,7.35,1.44,4.35,0.69,23
Example Bank,123456,2025-01,IntFM,010301010202,01: Fixed Rate,03: N/A,01: Canada,01: <= 3 years,02: >= 80,02: 30-89 DPD,150,462.16,46,3.27,3.62,0.36,1.14,2.84,-0.36,2.88,4.76,4.06,2.54,28
Example Bank,123456,2025-01,IntFM,010301010203,01: Fixed Rate,03: N/A,01: Canada,01: <= 3 years,02: >= 80,03: 90-119 DPD,279,75.71,16,13.4,4.15,1.11,1.03,4.23,0.03,5.05,3.73,1.51,2.28,10
Example Bank,123456,2025-01,IntFM,010301010204,01: Fixed Rate,03: N/A,01: Canada,01: <= 3 years,02: >= 80,04: 120-179 DPD,813,303.29,5,10.34,0.92,0.3,0.9,0.32,0.53,2.29,2.41,1.32,0.12,30
Example Bank,123456,2025-01,IntFM,010301010205,01: Fixed Rate,03: N/A,01: Canada,01: <= 3 years,02: >= 80,05: 180+ DPD,372,129.27,41,11.75,1.6,0.3,0.29,1.61,-0.76,2.21,4.97,3.63,2.87,6
Example Bank,123456,2025-01,IntFM,010301020101,01: Fixed Rate,03: N/A,01: Canada,02: > 3 years,01: < 80,01: Current & 1-29 DPD,564,144.23,23,18.05,2.26,0.35,1.54,1.07,0.39,6.7,4.04,0.6,2.4,12
Example Bank,123456,2025-01,IntFM,010301020102,01: Fixed Rate,03: N/A,01: Canada,02: > 3 years,01: < 80,02: 30-89 DPD,739,354.37,9,6.23,3.91,2.47,1.32,5.06,0.35,9.23,2.68,3.76,1.19,5
Example Bank,123456,2025-01,IntFM,010301020103,01: Fixed Rate,03: N/A,01: Canada,02: > 3 years,01: < 80,03: 90-119 DPD,886,460.27,25,19.07,2.05,1.49,0.63,2.91,-0.05,5.79,0.72,2.93,1.54,19
Example Bank,123456,2025-01,IntFM,010301020104,01: Fixed Rate,03: N/A,01: Canada,02: > 3 years,01: < 80,04: 120-179 DPD,847,470.68,18,4.23,4.57,2.24,1.91,4.9,-0.53,1.3,0.54,2.91,0.95,29
Example Bank,123456,2025-01,IntFM,010301020105,01: Fixed Rate,03: N/A,01: Canada,02: > 3 years,01: < 80,05: 180+ DPD,405,387.01,32,10.15,0.59,0.04,0.12,0.51,-0.39,3.27,3.39,2.37,0.56,14
Example Bank,123456,2025-01,IntFM,010301020201,01: Fixed Rate,03: N/A,01: Canada,02: > 3 years,02: >= 80,01: Current & 1-29 DPD,644,155.44,22,7.01,2.88,2.67,1.53,4.02,-0.82,3.65,2.7,1.37,1.16,24
Example Bank,123456,2025-01,IntFM,010301020202,01: Fixed Rate,03: N/A,01: Canada,02: > 3 years,02: >= 80,02: 30-89 DPD,996,393.67,15,13.49,2.95,0.08,0.47,2.56,-0.16,8.55,4.87,1.78,2.76,22
Example Bank,123456,2025-01,IntFM,010301020203,01: Fixed Rate,03: N/A,01: Canada,02: > 3 years,02: >= 80,03: 90-119 DPD,386,417.39,49,1.28,3.28,0.55,1.21,2.62,0.57,8.15,3.54,4.29,0.72,6
Example Bank,123456,2025-01,IntFM,010301020204,01: Fixed Rate,03: N/A,01: Canada,02: > 3 years,02: >= 80,04: 120-179 DPD,513,482.8,45,11.64,0.68,1.34,1.65,0.37,-0.37,6.51,2.45,0.57,0.72,30
Example Bank,123456,2025-01,IntFM,010301020205,01: Fixed Rate,03: N/A,01: Canada,02: > 3 years,02: >= 80,05: 180+ DPD,788,126.37,24,3.49,3.98,0.14,2.0,2.12,-0.85,0.25,4.03,4.05,2.91,19
Example Bank,123456,2025-01,IntFM,010302010101,01: Fixed Rate,03: N/A,02: EMEA,01: <= 3 years,01: < 80,01: Current & 1-29 DPD,242,52.91,35,4.0,2.17,0.97,1.87,1.27,0.71,4.79,1.15,2.8,1.07,5
Example Bank,123456,2025-01,IntFM,010302010102,01: Fixed Rate,03: N/A,02: EMEA,01: <= 3 years,01: < 80,02: 30-89 DPD,686,293.59,8,19.48,4.3,0.16,1.79,2.67,0.48,7.99,3.52,1.62,1.39,19
Example Bank,123456,2025-01,IntFM,010302010103,01: Fixed Rate,03: N/A,02: EMEA,01: <= 3 years,01: < 80,03: 90-119 DPD,506,69.66,8,3.1,4.07,0.18,0.77,3.48,0.96,4.86,3.79,0.54,0.73,15
Example Bank,123456,2025-01,IntFM,010302010104,01: Fixed Rate,03: N/A,02: EMEA,01: <= 3 years,01: < 80,04: 120-179 DPD,295,140.63,41,14.12,0.62,1.38,0.53,1.47,0.31,5.08,4.49,1.2,0.41,9
Example Bank,123456,2025-01,IntFM,010302010105,01: Fixed Rate,03: N/A,02: EMEA,01: <= 3 years,01: < 80,05: 180+ DPD,921,182.03,49,17.19,2.36,1.09,1.42,2.03,-0.05,6.62,2.42,3.71,1.07,17
Example Bank,123456,2025-01,IntFM,010302010201,01: Fixed Rate,03: N/A,02: EMEA,01: <= 3 years,02: >= 80,01: Current & 1-29 DPD,140,405.45,24,10.52,0.1,0.03,0.0,0.13,-0.22,2.06,3.94,2.1,2.19,13
Example Bank,123456,2025-01,IntFM,010302010202,01: Fixed Rate,03: N/A,02: EMEA,01: <= 3 years,02: >= 80,02: 30-89 DPD,225,88.82,1,8.97,0.63,0.0,0.01,0.62,-0.45,6.52,4.74,4.82,1.54,11
Example Bank,123456,2025-01,IntFM,010302010203,01: Fixed Rate,03: N/A,02: EMEA,01: <= 3 years,02: >= 80,03: 90-119 DPD,977,201.93,12,18.83,2.29,2.14,1.07,3.36,-0.1,9.15,4.56,3.53,1.07,23
Example Bank,123456,2025-01,IntFM,010302010204,01: Fixed Rate,03: N/A,02: EMEA,01: <= 3 years,02: >= 80,04: 120-179 DPD,117,127.9,1,3.79,2.6,0.19,0.35,2.44,-0.93,5.17,0.9,0.57,2.19,11
Example Bank,123456,2025-01,IntFM,010302010205,01: Fixed Rate,03: N/A,02: EMEA,01: <= 3 years,02: >= 80,05: 180+ DPD,201,476.45,21,14.72,4.65,0.14,1.77,3.02,-0.47,7.15,1.41,3.39,1.29,28
Example Bank,123456,2025-01,IntFM,010302020101,01: Fixed Rate,03: N/A,02: EMEA,02: > 3 years,01: < 80,01: Current & 1-29 DPD,405,344.53,14,7.84,1.92,1.68,1.76,1.84,-0.09,6.73,3.22,4.56,2.32,5
Example Bank,123456,2025-01,IntFM,010302020102,01: Fixed Rate,03: N/A,02: EMEA,02: > 3 years,01: < 80,02: 30-89 DPD,304,64.52,6,14.52,0.13,1.99,0.83,1.29,0.77,8.21,1.23,3.8,1.73,5
Example Bank,123456,2025-01,IntFM,010302020103,01: Fixed Rate,03: N/A,02: EMEA,02: > 3 years,01: < 80,03: 90-119 DPD,190,436.72,36,2.02,2.3,2.81,0.66,4.45,-0.87,4.59,2.38,2.05,0.78,22
Example Bank,123456,2025-01,IntFM,010302020104,01: Fixed Rate,03: N/A,02: EMEA,02: > 3 years,01: < 80,04: 120-179 DPD,988,359.27,27,2.57,0.07,0.28,1.78,-1.43,-0.15,1.18,1.34,3.47,1.8,22
Example Bank,123456,2025-01,IntFM,010302020105,01: Fixed Rate,03: N/A,02: EMEA,02: > 3 years,01: < 80,05: 180+ DPD,724,202.13,18,12.28,3.93,0.71,1.39,3.25,0.47,2.6,0.2,2.34,2.06,7
Example Bank,123456,2025-01,IntFM,010302020201,01: Fixed Rate,03: N/A,02: EMEA,02: > 3 years,02: >= 80,01: Current & 1-29 DPD,298,473.69,15,13.56,1.68,0.88,0.79,1.77,-0.97,1.15,1.47,4.31,0.79,28
Example Bank,123456,2025-01,IntFM,010302020202,01: Fixed Rate,03: N/A,02: EMEA,02: > 3 years,02: >= 80,02: 30-89 DPD,726,402.92,11,2.84,4.34,1.85,1.84,4.35,-0.58,5.93,0.7,3.14,1.07,30
Example Bank,123456,2025-01,IntFM,010302020203,01: Fixed Rate,03: N/A,02: EMEA,02: > 3 years,02: >= 80,03: 90-119 DPD,931,344.08,13,18.99,1.45,2.57,0.35,3.67,0.25,0.71,3.21,1.39,2.32,8
Example Bank,123456,2025-01,IntFM,010302020204,01: Fixed Rate,03: N/A,02: EMEA,02: > 3 years,02: >= 80,04: 120-179 DPD,544,117.65,36,10.9,3.27,1.15,0.12,4.3,1.0,8.13,1.07,4.49,0.03,17
Example Bank,123456,2025-01,IntFM,010302020205,01: Fixed Rate,03: N/A,02: EMEA,02: > 3 years,02: >= 80,05: 180+ DPD,569,489.73,13,1.24,0.55,1.41,0.16,1.8,-0.72,4.28,0.29,2.61,0.86,19
Example Bank,123456,2025-01,IntFM,010303010101,01: Fixed Rate,03: N/A,03: LATAM,01: <= 3 years,01: < 80,01: Current & 1-29 DPD,827,340.38,27,1.73,0.19,0.17,1.53,-1.17,-0.96,1.58,4.94,2.54,2.73,29
Example Bank,123456,2025-01,IntFM,010303010102,01: Fixed Rate,03: N/A,03: LATAM,01: <= 3 years,01: < 80,02: 30-89 DPD,203,455.91,21,10.92,3.29,2.16,0.39,5.06,0.95,9.05,3.79,0.2,1.06,24
Example Bank,123456,2025-01,IntFM,010303010103,01: Fixed Rate,03: N/A,03: LATAM,01: <= 3 years,01: < 80,03: 90-119 DPD,159,394.63,12,18.17,2.66,2.39,0.7,4.35,0.76,5.92,4.24,1.09,1.06,27
Example Bank,123456,2025-01,IntFM,010303010104,01: Fixed Rate,03: N/A,03: LATAM,01: <= 3 years,01: < 80,04: 120-179 DPD,781,408.58,4,15.12,4.52,1.45,1.58,4.39,0.47,0.02,1.63,3.3,0.1,17
Example Bank,123456,2025-01,IntFM,010303010105,01: Fixed Rate,03: N/A,03: LATAM,01: <= 3 years,01: < 80,05: 180+ DPD,343,347.99,4,18.96,1.26,2.07,1.79,1.54,-0.0,2.38,2.24,0.95,2.99,20
Example Bank,123456,2025-01,IntFM,010303010201,01: Fixed Rate,03: N/A,03: LATAM,01: <= 3 years,02: >= 80,01: Current & 1-29 DPD,905,155.67,16,6.2,2.73,0.19,1.11,1.81,0.34,0.96,2.82,3.49,0.67,16
Example Bank,123456,2025-01,IntFM,010303010202,01: Fixed Rate,03: N/A,03: LATAM,01: <= 3 years,02: >= 80,02: 30-89 DPD,765,337.88,50,4.49,0.53,0.6,1.67,-0.54,-0.96,2.12,4.95,1.42,1.43,21
Example Bank,123456,2025-01,IntFM,010303010203,01: Fixed Rate,03: N/A,03: LATAM,01: <= 3 years,02: >= 80,03: 90-119 DPD,305,324.21,9,7.96,3.26,2.36,1.72,3.9,0.1,8.02,4.19,1.29,2.01,12
Example Bank,123456,2025-01,IntFM,010303010204,01: Fixed Rate,03: N/A,03: LATAM,01: <= 3 years,02: >= 80,04: 120-179 DPD,158,306.53,41,5.25,4.13,2.57,1.98,4.72,-0.88,8.31,0.32,4.92,1.34,10
Example Bank,123456,2025-01,IntFM,010303010205,01: Fixed Rate,03: N/A,03: LATAM,01: <= 3 years,02: >= 80,05: 180+ DPD,164,127.88,31,19.6,2.24,0.76,1.37,1.63,-0.51,9.75,1.56,2.47,0.88,6
Example Bank,123456,2025-01,IntFM,010303020101,01: Fixed Rate,03: N/A,03: LATAM,02: > 3 years,01: < 80,01: Current & 1-29 DPD,800,395.51,22,3.37,4.03,2.19,0.26,5.96,-0.2,8.48,4.97,4.02,1.29,23
Example Bank,123456,2025-01,IntFM,010303020102,01: Fixed Rate,03: N/A,03: LATAM,02: > 3 years,01: < 80,02: 30-89 DPD,679,114.08,46,8.4,0.68,0.56,1.07,0.17,-0.59,4.91,3.64,2.37,2.43,22
Example Bank,123456,2025-01,IntFM,010303020103,01: Fixed Rate,03: N/A,03: LATAM,02: > 3 years,01: < 80,03: 90-119 DPD,997,268.89,33,3.84,1.44,0.49,1.92,0.01,0.48,9.47,0.16,4.06,0.8,14
Example Bank,123456,2025-01,IntFM,010303020104,01: Fixed Rate,03: N/A,03: LATAM,02: > 3 years,01: < 80,04: 120-179 DPD,151,116.01,46,11.8,4.21,0.83,1.45,3.59,-0.08,7.59,4.44,0.17,2.05,16
Example Bank,123456,2025-01,IntFM,010303020105,01: Fixed Rate,03: N/A,03: LATAM,02: > 3 years,01: < 80,05: 180+ DPD,168,174.65,17,7.89,3.47,2.92,1.62,4.77,0.94,9.48,4.44,2.38,2.57,5
Example Bank,123456,2025-01,IntFM,010303020201,01: Fixed Rate,03: N/A,03: LATAM,02: > 3 years,02: >= 80,01: Current & 1-29 DPD,531,442.55,4,18.78,2.38,1.31,1.06,2.63,-0.63,0.23,1.59,1.09,1.4,6
Example Bank,123456,2025-01,IntFM,010303020202,01: Fixed Rate,03: N/A,03: LATAM,02: > 3 years,02: >= 80,02: 30-89 DPD,475,389.64,36,5.33,4.92,2.45,0.47,6.9,-0.77,1.21,1.24,2.16,2.36,8
Example Bank,123456,2025-01,IntFM,010303020203,01: Fixed Rate,03: N/A,03: LATAM,02: > 3 years,02: >= 80,03: 90-119 DPD,544,65.03,37,16.4,3.07,1.85,1.23,3.69,0.94,4.15,4.13,4.82,1.66,15
Example Bank,123456,2025-01,IntFM,010303020204,01: Fixed Rate,03: N/A,03: LATAM,02: > 3 years,02: >= 80,04: 120-179 DPD,853,426.75,33,17.37,4.64,1.04,0.34,5.34,0.63,0.57,4.3,3.36,2.94,11
Example Bank,123456,2025-01,IntFM,010303020205,01: Fixed Rate,03: N/A,03: LATAM,02: > 3 years,02: >= 80,05: 180+ DPD,924,147.45,37,18.93,1.01,1.89,0.87,2.03,0.82,2.46,2.8,2.94,0.99,21
Example Bank,123456,2025-01,IntFM,010304010101,01: Fixed Rate,03: N/A,04: APAC,01: <= 3 years,01: < 80,01: Current & 1-29 DPD,692,433.4,32,14.61,1.87,1.62,1.39,2.1,0.87,0.33,4.54,0.12,2.36,12
Example Bank,123456,2025-01,IntFM,010304010102,01: Fixed Rate,03: N/A,04: APAC,01: <= 3 years,01: < 80,02: 30-89 DPD,319,333.59,47,3.58,3.06,1.51,1.02,3.55,-0.24,5.91,0.87,2.18,2.51,11
Example Bank,123456,2025-01,IntFM,010304010103,01: Fixed Rate,03: N/A,04: APAC,01: <= 3 years,01: < 80,03: 90-119 DPD,717,82.79,47,1.56,0.9,0.11,0.23,0.78,-0.13,4.45,1.2,2.39,2.67,15
Example Bank,123456,2025-01,IntFM,010304010104,01: Fixed Rate,03: N/A,04: APAC,01: <= 3 years,01: < 80,04: 120-179 DPD,386,279.14,46,2.66,2.29,0.52,1.77,1.04,-0.15,4.32,3.79,3.69,0.81,12
Example Bank,123456,2025-01,IntFM,010304010105,01: Fixed Rate,03: N/A,04: APAC,01: <= 3 years,01: < 80,05: 180+ DPD,748,215.74,40,2.64,2.54,0.61,0.58,2.57,-0.73,2.67,4.53,1.97,2.16,7
Example Bank,123456,2025-01,IntFM,010304010201,01: Fixed Rate,03: N/A,04: APAC,01: <= 3 years,02: >= 80,01: Current & 1-29 DPD,472,184.72,5,9.06,3.91,1.96,1.82,4.05,0.13,1.93,0.81,1.08,1.6,23
Example Bank,123456,2025-01,IntFM,010304010202,01: Fixed Rate,03: N/A,04: APAC,01: <= 3 years,02: >= 80,02: 30-89 DPD,263,262.59,13,13.13,4.99,0.62,0.51,5.1,0.1,8.55,3.84,4.45,0.31,30
Example Bank,123456,2025-01,IntFM,010304010203,01: Fixed Rate,03: N/A,04: APAC,01: <= 3 years,02: >= 80,03: 90-119 DPD,968,284.62,6,13.88,2.82,2.76,0.68,4.9,0.4,6.53,0.51,3.25,2.62,27
Example Bank,123456,2025-01,IntFM,010304010204,01: Fixed Rate,03: N/A,04: APAC,01: <= 3 years,02: >= 80,04: 120-179 DPD,722,439.6,13,17.35,0.38,0.5,1.52,-0.64,-0.86,3.56,2.74,2.01,1.07,13
Example Bank,123456,2025-01,IntFM,010304010205,01: Fixed Rate,03: N/A,04: APAC,01: <= 3 years,02: >= 80,05: 180+ DPD,329,219.17,38,6.34,1.18,1.51,1.67,1.02,0.47,3.2,2.67,2.79,1.63,5
Example Bank,123456,2025-01,IntFM,010304020101,01: Fixed Rate,03: N/A,04: APAC,02: > 3 years,01: < 80,01: Current & 1-29 DPD,187,85.36,40,3.47,3.98,0.58,1.21,3.35,-0.18,9.24,1.3,2.79,0.02,6
Example Bank,123456,2025-01,IntFM,010304020102,01: Fixed Rate,03: N/A,04: APAC,02: > 3 years,01: < 80,02: 30-89 DPD,926,200.82,25,12.12,3.49,1.88,0.44,4.93,0.27,0.96,0.4,2.77,0.59,18
Example Bank,123456,2025-01,IntFM,010304020103,01: Fixed Rate,03: N/A,04: APAC,02: > 3 years,01: < 80,03: 90-119 DPD,507,245.11,31,3.95,2.53,0.52,0.13,2.92,0.2,0.2,0.89,0.9,0.95,16
Example Bank,123456,2025-01,IntFM,010304020104,01: Fixed Rate,03: N/A,04: APAC,02: > 3 years,01: < 80,04: 120-179 DPD,801,246.72,21,6.86,4.79,2.39,1.66,5.52,-0.36,9.28,1.24,4.74,2.2,25
Example Bank,123456,2025-01,IntFM,010304020105,01: Fixed Rate,03: N/A,04: APAC,02: > 3 years,01: < 80,05: 180+ DPD,361,57.16,7,10.01,2.3,1.51,1.36,2.45,-0.93,9.55,1.18,2.38,2.03,25
Example Bank,123456,2025-01,IntFM,010304020201,01: Fixed Rate,03: N/A,04: APAC,02: > 3 years,02: >= 80,01: Current & 1-29 DPD,836,434.81,46,18.05,3.71,2.68,1.81,4.58,0.64,7.33,0.73,2.28,1.19,12
Example Bank,123456,2025-01,IntFM,010304020202,01: Fixed Rate,03: N/A,04: APAC,02: > 3 years,02: >= 80,02: 30-89 DPD,766,212.17,33,2.23,1.01,0.94,1.28,0.67,0.27,5.2,3.46,4.63,2.65,7
Example Bank,123456,2025-01,IntFM,010304020203,01: Fixed Rate,03: N/A,04: APAC,02: > 3 years,02: >= 80,03: 90-119 DPD,752,158.31,14,3.75,1.25,1.3,0.39,2.16,0.5,6.11,3.85,0.52,2.77,10
Example Bank,123456,2025-01,IntFM,010304020204,01: Fixed Rate,03: N/A,04: APAC,02: > 3 years,02: >= 80,04: 120-179 DPD,156,64.94,0,3.66,0.1,1.0,0.79,0.31,0.2,0.13,1.35,3.33,1.72,18
Example Bank,123456,2025-01,IntFM,010304020205,01: Fixed Rate,03: N/A,04: APAC,02: > 3 years,02: >= 80,05: 180+ DPD,472,112.97,23,9.07,0.26,0.77,1.58,-0.55,0.46,6.1,3.63,3.24,1.34,13
Example Bank,123456,2025-01,IntFM,020101010101,02: Other,01: <= 660,01: Canada,01: <= 3 years,01: < 80,01: Current & 1-29 DPD,969,441.47,48,15.62,3.12,2.31,0.47,4.96,-0.89,8.23,4.79,2.63,0.88,30
Example Bank,123456,2025-01,IntFM,020101010102,02: Other,01: <= 660,01: Canada,01: <= 3 years,01: < 80,02: 30-89 DPD,380,171.98,24,15.56,3.59,1.18,1.73,3.04,0.41,7.65,0.8,0.55,2.76,21
Example Bank,123456,2025-01,IntFM,020101010103,02: Other,01: <= 660,01: Canada,01: <= 3 years,01: < 80,03: 90-119 DPD,390,109.97,45,6.26,1.28,1.05,1.36,0.97,-0.09,3.09,0.62,0.44,1.39,14
Example Bank,123456,2025-01,IntFM,020101010104,02: Other,01: <= 660,01: Canada,01: <= 3 years,01: < 80,04: 120-179 DPD,643,444.53,8,1.19,4.84,1.16,1.57,4.43,0.47,0.71,4.88,1.82,0.08,5
Example Bank,123456,2025-01,IntFM,020101010105,02: Other,01: <= 660,01: Canada,01: <= 3 years,01: < 80,05: 180+ DPD,482,396.21,0,11.59,4.83,0.79,0.85,4.77,-0.31,2.51,3.85,0.7,1.54,13
Example Bank,123456,2025-01,IntFM,020101010201,02: Other,01: <= 660,01: Canada,01: <= 3 years,02: >= 80,01: Current & 1-29 DPD,427,311.28,23,12.39,2.8,0.1,0.58,2.32,0.87,2.31,1.41,3.25,0.89,25
Example Bank,123456,2025-01,IntFM,020101010202,02: Other,01: <= 660,01: Canada,01: <= 3 years,02: >= 80,02: 30-89 DPD,291,489.38,14,19.38,4.98,1.4,0.86,5.52,-0.35,0.83,3.61,1.62,0.39,26
Example Bank,123456,2025-01,IntFM,020101010203,02: Other,01: <= 660,01: Canada,01: <= 3 years,02: >= 80,03: 90-119 DPD,609,167.17,11,17.61,2.06,1.95,0.99,3.02,-0.61,5.19,0.81,4.54,1.34,29
Example Bank,123456,2025-01,IntFM,020101010204,02: Other,01: <= 660,01: Canada,01: <= 3 years,02: >= 80,04: 120-179 DPD,680,118.08,35,10.19,0.46,0.45,1.27,-0.36,0.08,3.9,4.11,2.9,2.77,19
Example Bank,123456,2025-01,IntFM,020101010205,02: Other,01: <= 660,01: Canada,01: <= 3 years,02: >= 80,05: 180+ DPD,185,162.8,35,8.12,1.21,2.55,0.72,3.04,0.11,2.78,3.83,2.46,0.02,6
Example Bank,123456,2025-01,IntFM,020101020101,02: Other,01: <= 660,01: Canada,02: > 3 years,01: < 80,01: Current & 1-29 DPD,976,368.35,10,18.37,4.69,1.9,0.87,5.72,-0.81,4.97,0.42,4.63,2.53,10
Example Bank,123456,2025-01,IntFM,020101020102,02: Other,01: <= 660,01: Canada,02: > 3 years,01: < 80,02: 30-89 DPD,492,120.07,13,19.28,0.33,2.08,1.19,1.22,0.69,8.78,2.47,1.48,0.59,23
Example Bank,123456,2025-01,IntFM,020101020103,02: Other,01: <= 660,01: Canada,02: > 3 years,01: < 80,03: 90-119 DPD,626,164.31,6,4.36,2.88,1.03,1.77,2.14,-0.63,1.25,2.87,2.71,0.19,19
Example Bank,123456,2025-01,IntFM,020101020104,02: Other,01: <= 660,01: Canada,02: > 3 years,01: < 80,04: 120-179 DPD,658,157.27,11,19.09,0.49,1.54,0.55,1.48,0.09,9.44,4.88,3.95,2.41,18
Example Bank,123456,2025-01,IntFM,020101020105,02: Other,01: <= 660,01: Canada,02: > 3 years,01: < 80,05: 180+ DPD,610,83.73,12,14.48,3.53,2.14,1.09,4.58,-0.97,6.51,1.19,3.27,1.83,30
Example Bank,123456,2025-01,IntFM,020101020201,02: Other,01: <= 660,01: Canada,02: > 3 years,02: >= 80,01: Current & 1-29 DPD,627,176.88,13,10.2,3.98,2.34,0.69,5.63,-0.41,8.27,0.17,4.8,1.27,17
Example Bank,123456,2025-01,IntFM,020101020202,02: Other,01: <= 660,01: Canada,02: > 3 years,02: >= 80,02: 30-89 DPD,428,236.05,47,12.94,2.07,2.28,0.75,3.6,0.93,3.94,1.78,1.39,0.5,7
Example Bank,123456,2025-01,IntFM,020101020203,02: Other,01: <= 660,01: Canada,02: > 3 years,02: >= 80,03: 90-119 DPD,702,491.26,45,4.33,2.54,1.13,1.34,2.33,0.27,9.18,4.7,2.18,0.69,17
Example Bank,123456,2025-01,IntFM,020101020204,02: Other,01: <= 660,01: Canada,02: > 3 years,02: >= 80,04: 120-179 DPD,672,276.48,6,6.88,4.86,0.56,1.52,3.9,-0.8,1.45,0.42,3.5,0.65,27
Example Bank,123456,2025-01,IntFM,020101020205,02: Other,01: <= 660,01: Canada,02: > 3 years,02: >= 80,05: 180+ DPD,252,118.51,48,14.7,1.43,2.83,0.06,4.2,0.6,5.32,3.29,2.92,0.5,28
Example Bank,123456,2025-01,IntFM,020102010101,02: Other,01: <= 660,02: EMEA,01: <= 3 years,01: < 80,01: Current & 1-29 DPD,304,255.19,22,1.38,3.37,2.9,1.57,4.7,-0.78,1.55,2.52,0.81,1.84,28
Example Bank,123456,2025-01,IntFM,020102010102,02: Other,01: <= 660,02: EMEA,01: <= 3 years,01: < 80,02: 30-89 DPD,571,444.02,15,17.65,1.71,1.35,0.67,2.39,0.3,6.34,4.1,0.97,0.32,26
Example Bank,123456,2025-01,IntFM,020102010103,02: Other,01: <= 660,02: EMEA,01: <= 3 years,01: < 80,03: 90-119 DPD,819,300.72,31,1.97,4.33,0.49,0.1,4.72,-0.89,8.18,1.74,3.06,2.65,19
Example Bank,123456,2025-01,IntFM,020102010104,02: Other,01: <= 660,02: EMEA,01: <= 3 years,01: < 80,04: 120-179 DPD,752,183.7,49,11.92,1.3,2.59,1.72,2.17,-0.33,1.8,1.4,4.36,2.0,11
Example Bank,123456,2025-01,IntFM,020102010105,02: Other,01: <= 660,02: EMEA,01: <= 3 years,01: < 80,05: 180+ DPD,511,280.78,42,10.83,3.4,2.3,0.83,4.87,0.35,8.34,1.7,2.32,0.33,8
Example Bank,123456,2025-01,IntFM,020102010201,02: Other,01: <= 660,02: EMEA,01: <= 3 years,02: >= 80,01: Current & 1-29 DPD,932,167.67,40,1.59,2.65,1.02,0.52,3.15,-0.05,5.79,3.05,1.38,2.52,11
Example Bank,123456,2025-01,IntFM,020102010202,02: Other,01: <= 660,02: EMEA,01: <= 3 years,02: >= 80,02: 30-89 DPD,503,356.25,24,4.86,3.65,2.85,1.77,4.73,-0.29,7.5,0.72,0.01,0.89,18
Example Bank,123456,2025-01,IntFM,020102010203,02: Other,01: <= 660,02: EMEA,01: <= 3 years,02: >= 80,03: 90-119 DPD,428,436.18,16,6.92,3.8,0.56,0.54,3.82,0.98,6.39,0.2,0.98,2.34,7
Example Bank,123456,2025-01,IntFM,020102010204,02: Other,01: <= 660,02: EMEA,01: <= 3 years,02: >= 80,04: 120-179 DPD,825,411.68,30,1.56,0.85,1.8,1.68,0.97,0.8,7.17,1.91,1.09,2.06,13
Example Bank,123456,2025-01,IntFM,020102010205,02: Other,01: <= 660,02: EMEA,01: <= 3 years,02: >= 80,05: 180+ DPD,565,391.43,13,2.16,0.17,1.26,0.58,0.85,0.55,6.75,4.13,0.77,1.47,15
Example Bank,123456,2025-01,IntFM,020102020101,02: Other,01: <= 660,02: EMEA,02: > 3 years,01: < 80,01: Current & 1-29 DPD,394,491.98,40,8.67,4.79,0.73,1.67,3.85,-0.07,7.19,1.0,3.41,2.28,30
Example Bank,123456,2025-01,IntFM,020102020102,02: Other,01: <= 660,02: EMEA,02: > 3 years,01: < 80,02: 30-89 DPD,704,372.2,3,18.41,2.44,1.03,1.22,2.25,0.72,7.0,4.28,1.87,1.0,19
Example Bank,123456,2025-01,IntFM,020102020103,02: Other,01: <= 660,02: EMEA,02: > 3 years,01: < 80,03: 90-119 DPD,793,259.19,13,19.06,0.62,1.24,1.78,0.08,-0.68,4.53,0.29,0.26,1.95,5
Example Bank,123456,2025-01,IntFM,020102020104,02: Other,01: <= 660,02: EMEA,02: > 3 years,01: < 80,04: 120-179 DPD,291,452.97,2,10.8,2.05,1.22,1.2,2.07,0.67,8.73,3.47,4.87,0.22,8
Example Bank,123456,2025-01,IntFM,020102020105,02: Other,01: <= 660,02: EMEA,02: > 3 years,01: < 80,05: 180+ DPD,347,442.96,27,8.98,1.23,1.33,1.45,1.11,-0.27,0.27,1.05,0.93,2.2,8
Example Bank,123456,2025-01,IntFM,020102020201,02: Other,01: <= 660,02: EMEA,02: > 3 years,02: >= 80,01: Current & 1-29 DPD,873,442.3,8,9.34,1.22,2.57,1.56,2.23,0.53,2.24,3.22,3.24,1.63,12
Example Bank,123456,2025-01,IntFM,020102020202,02: Other,01: <= 660,02: EMEA,02: > 3 years,02: >= 80,02: 30-89 DPD,807,445.78,15,3.8,4.96,2.32,0.34,6.94,-0.8,9.06,0.47,2.28,2.56,30
Example Bank,123456,2025-01,IntFM,020102020203,02: Other,01: <= 660,02: EMEA,02: > 3 years,02: >= 80,03: 90-119 DPD,809,59.74,37,7.99,1.56,1.28,0.78,2.06,-0.16,6.0,4.22,1.9,2.19,25
Example Bank,123456,2025-01,IntFM,020102020204,02: Other,01: <= 660,02: EMEA,02: > 3 years,02: >= 80,04: 120-179 DPD,731,258.2,9,17.06,3.65,1.39,1.64,3.4,-0.43,1.89,1.27,1.63,2.74,23
Example Bank,123456,2025-01,IntFM,020102020205,02: Other,01: <= 660,02: EMEA,02: > 3 years,02: >= 80,05: 180+ DPD,578,146.47,34,15.93,4.95,0.85,0.59,5.21,-0.98,4.1,1.68,3.47,0.64,11
Example Bank,123456,2025-01,IntFM,020103010101,02: Other,01: <= 660,03: LATAM,01: <= 3 years,01: < 80,01: Current & 1-29 DPD,574,73.93,41,18.78,4.88,0.28,1.52,3.64,0.28,4.11,2.33,0.1,0.85,26
Example Bank,123456,2025-01,IntFM,020103010102,02: Other,01: <= 660,03: LATAM,01: <= 3 years,01: < 80,02: 30-89 DPD,317,128.08,50,15.43,0.85,1.54,0.85,1.54,0.76,5.35,3.07,2.86,2.21,17
Example Bank,123456,2025-01,IntFM,020103010103,02: Other,01: <= 660,03: LATAM,01: <= 3 years,01: < 80,03: 90-119 DPD,345,241.94,46,12.86,2.12,1.9,1.61,2.41,0.5,4.42,3.37,4.25,0.5,19
Example Bank,123456,2025-01,IntFM,020103010104,02: Other,01: <= 660,03: LATAM,01: <= 3 years,01: < 80,04: 120-179 DPD,291,262.41,29,10.76,3.98,2.74,0.15,6.57,0.28,2.01,2.4,0.75,2.93,11
Example Bank,123456,2025-01,IntFM,020103010105,02: Other,01: <= 660,03: LATAM,01: <= 3 years,01: < 80,05: 180+ DPD,100,463.31,3,19.85,2.59,0.14,0.97,1.76,-0.73,5.04,0.27,1.27,2.08,27
Example Bank,123456,2025-01,IntFM,020103010201,02: Other,01: <= 660,03: LATAM,01: <= 3 years,02: >= 80,01: Current & 1-29 DPD,204,77.93,48,15.63,0.3,1.31,0.36,1.25,-0.48,4.5,2.96,3.5,2.82,22
Example Bank,123456,2025-01,IntFM,020103010202,02: Other,01: <= 660,03: LATAM,01: <= 3 years,02: >= 80,02: 30-89 DPD,259,376.82,11,7.75,2.82,2.98,1.28,4.52,-0.26,2.49,2.82,0.81,1.87,6
Example Bank,123456,2025-01,IntFM,020103010203,02: Other,01: <= 660,03: LATAM,01: <= 3 years,02: >= 80,03: 90-119 DPD,247,398.21,21,14.36,0.56,2.9,0.61,2.85,-0.3,8.84,1.14,0.07,1.06,12
Example Bank,123456,2025-01,IntFM,020103010204,02: Other,01: <= 660,03: LATAM,01: <= 3 years,02: >= 80,04: 120-179 DPD,931,417.56,49,2.41,0.23,2.4,1.17,1.46,-0.35,4.83,3.94,1.52,2.65,30
Example Bank,123456,2025-01,IntFM,020103010205,02: Other,01: <= 660,03: LATAM,01: <= 3 years,02: >= 80,05: 180+ DPD,594,224.57,43,2.58,0.69,1.76,0.31,2.14,0.84,1.5,4.13,0.23,1.42,28
Example Bank,123456,2025-01,IntFM,020103020101,02: Other,01: <= 660,03: LATAM,02: > 3 years,01: < 80,01: Current & 1-29 DPD,162,316.58,11,12.65,0.74,1.18,0.32,1.6,-0.52,4.04,0.27,1.81,0.58,20
Example Bank,123456,2025-01,IntFM,020103020102,02: Other,01: <= 660,03: LATAM,02: > 3 years,01: < 80,02: 30-89 DPD,671,323.97,17,14.59,4.13,1.51,0.2,5.44,0.27,8.51,1.47,3.78,1.82,28
Example Bank,123456,2025-01,IntFM,020103020103,02: Other,01: <= 660,03: LATAM,02: > 3 years,01: < 80,03: 90-119 DPD,454,383.12,0,7.01,0.24,1.44,1.46,0.22,-0.69,4.86,3.24,3.68,2.39,15
Example Bank,123456,2025-01,IntFM,020103020104,02: Other,01: <= 660,03: LATAM,02: > 3 years,01: < 80,04: 120-179 DPD,724,264.43,26,1.99,4.25,0.17,0.14,4.28,-0.89,4.24,1.21,3.63,1.8,19
Example Bank,123456,2025-01,IntFM,020103020105,02: Other,01: <= 660,03: LATAM,02: > 3 years,01: < 80,05: 180+ DPD,195,151.24,5,15.73,4.48,2.13,1.98,4.63,-0.23,5.97,1.32,2.08,0.94,28
Example Bank,123456,2025-01,IntFM,020103020201,02: Other,01: <= 660,03: LATAM,02: > 3 years,02: >= 80,01: Current & 1-29 DPD,822,76.31,28,14.84,4.82,1.33,1.0,5.15,-0.44,0.62,3.77,2.8,1.01,21
Example Bank,123456,2025-01,IntFM,020103020202,02: Other,01: <= 660,03: LATAM,02: > 3 years,02: >= 80,02: 30-89 DPD,193,241.35,46,11.02,1.32,0.03,1.64,-0.29,-0.58,4.59,1.04,3.03,0.8,16
Example Bank,123456,2025-01,IntFM,020103020203,02: Other,01: <= 660,03: LATAM,02: > 3 years,02: >= 80,03: 90-119 DPD,292,400.48,14,4.22,4.63,2.13,1.95,4.81,0.83,8.41,4.98,2.55,2.98,5
Example Bank,123456,2025-01,IntFM,020103020204,02: Other,01: <= 660,03: LATAM,02: > 3 years,02: >= 80,04: 120-179 DPD,280,125.45,41,12.55,4.4,1.63,0.71,5.32,-0.02,0.59,1.57,4.46,1.3,7
Example Bank,123456,2025-01,IntFM,020103020205,02: Other,01: <= 660,03: LATAM,02: > 3 years,02: >= 80,05: 180+ DPD,271,161.32,1,9.0,3.8,2.37,0.87,5.3,0.49,4.62,0.76,3.67,2.43,18
Example Bank,123456,2025-01,IntFM,020104010101,02: Other,01: <= 660,04: APAC,01: <= 3 years,01: < 80,01: Current & 1-29 DPD,515,485.54,28,13.53,3.9,2.23,0.9,5.23,0.31,7.33,2.9,0.77,0.78,8
Example Bank,123456,2025-01,IntFM,020104010102,02: Other,01: <= 660,04: APAC,01: <= 3 years,01: < 80,02: 30-89 DPD,460,118.24,1,14.38,2.49,2.35,0.91,3.93,-0.28,9.02,3.55,1.26,2.86,18
Example Bank,123456,2025-01,IntFM,020104010103,02: Other,01: <= 660,04: APAC,01: <= 3 years,01: < 80,03: 90-119 DPD,481,261.62,12,15.02,3.23,0.62,0.33,3.52,0.56,6.57,1.12,0.71,1.06,12
Example Bank,123456,2025-01,IntFM,020104010104,02: Other,01: <= 660,04: APAC,01: <= 3 years,01: < 80,04: 120-179 DPD,703,287.65,23,7.21,3.55,0.31,0.45,3.41,-0.15,1.68,4.84,3.36,0.3,17
Example Bank,123456,2025-01,IntFM,020104010105,02: Other,01: <= 660,04: APAC,01: <= 3 years,01: < 80,05: 180+ DPD,271,324.75,39,3.78,3.19,1.18,1.94,2.43,0.78,1.24,4.25,3.64,2.2,15
Example Bank,123456,2025-01,IntFM,020104010201,02: Other,01: <= 660,04: APAC,01: <= 3 years,02: >= 80,01: Current & 1-29 DPD,297,99.14,17,10.26,4.21,1.93,1.53,4.61,0.73,2.13,0.78,4.95,2.86,14
Example Bank,123456,2025-01,IntFM,020104010202,02: Other,01: <= 660,04: APAC,01: <= 3 years,02: >= 80,02: 30-89 DPD,812,69.49,3,15.92,3.53,1.58,0.25,4.86,0.81,8.87,4.0,3.58,2.5,19
Example Bank,123456,2025-01,IntFM,020104010203,02: Other,01: <= 660,04: APAC,01: <= 3 years,02: >= 80,03: 90-119 DPD,227,329.74,0,17.16,1.03,2.42,1.48,1.97,-0.66,1.15,1.84,0.24,2.33,17
Example Bank,123456,2025-01,IntFM,020104010204,02: Other,01: <= 660,04: APAC,01: <= 3 years,02: >= 80,04: 120-179 DPD,215,256.47,20,4.87,3.09,1.42,1.84,2.67,-0.02,1.09,2.71,3.05,1.08,9
Example Bank,123456,2025-01,IntFM,020104010205,02: Other,01: <= 660,04: APAC,01: <= 3 years,02: >= 80,05: 180+ DPD,412,202.44,24,15.58,0.27,2.83,0.29,2.81,-0.92,7.11,1.18,1.75,0.97,12
Example Bank,123456,2025-01,IntFM,020104020101,02: Other,01: <= 660,04: APAC,02: > 3 years,01: < 80,01: Current & 1-29 DPD,907,451.37,17,14.25,1.25,2.92,1.44,2.73,0.05,3.95,3.78,3.67,0.62,14
Example Bank,123456,2025-01,IntFM,020104020102,02: Other,01: <= 660,04: APAC,02: > 3 years,01: < 80,02: 30-89 DPD,956,326.78,48,4.52,2.79,2.41,0.73,4.47,-0.19,8.29,1.48,4.27,0.19,29
Example Bank,123456,2025-01,IntFM,020104020103,02: Other,01: <= 660,04: APAC,02: > 3 years,01: < 80,03: 90-119 DPD,201,104.92,12,3.0,4.8,2.77,1.18,6.39,-0.52,8.91,0.6,2.47,1.64,21
Example Bank,123456,2025-01,IntFM,020104020104,02: Other,01: <= 660,04: APAC,02: > 3 years,01: < 80,04: 120-179 DPD,313,322.72,9,14.2,0.28,2.68,1.34,1.62,-0.97,4.5,3.77,3.51,2.63,25
Example Bank,123456,2025-01,IntFM,020104020105,02: Other,01: <= 660,04: APAC,02: > 3 years,01: < 80,05: 180+ DPD,299,480.56,0,12.43,3.59,1.25,1.07,3.77,-0.0,3.64,2.09,4.1,2.02,13
Example Bank,123456,2025-01,IntFM,020104020201,02: Other,01: <= 660,04: APAC,02: > 3 years,02: >= 80,01: Current & 1-29 DPD,780,462.63,21,19.47,4.58,0.13,0.64,4.07,-0.86,0.32,2.61,3.9,1.73,5
Example Bank,123456,2025-01,IntFM,020104020202,02: Other,01: <= 660,04: APAC,02: > 3 years,02: >= 80,02: 30-89 DPD,887,228.59,26,16.64,1.75,1.34,1.04,2.05,-0.82,0.5,3.27,0.57,2.7,26
Example Bank,123456,2025-01,IntFM,020104020203,02: Other,01: <= 660,04: APAC,02: > 3 years,02: >= 80,03: 90-119 DPD,749,490.17,35,9.86,0.15,1.15,0.44,0.86,-0.1,9.77,4.99,4.4,0.44,23
Example Bank,123456,2025-01,IntFM,020104020204,02: Other,01: <= 660,04: APAC,02: > 3 years,02: >= 80,04: 120-179 DPD,818,114.15,1,3.22,4.91,2.07,1.81,5.17,-0.38,3.0,2.0,4.67,0.66,17
Example Bank,123456,2025-01,IntFM,020104020205,02: Other,01: <= 660,04: APAC,02: > 3 years,02: >= 80,05: 180+ DPD,180,475.7,1,7.76,4.43,2.51,1.13,5.81,-0.79,4.85,1.76,4.26,1.7,24
Example Bank,123456,2025-01,IntFM,020201010101,02: Other,02: > 660,01: Canada,01: <= 3 years,01: < 80,01: Current & 1-29 DPD,347,354.81,36,9.47,1.47,0.8,1.16,1.11,0.15,2.79,0.8,4.91,0.02,28
Example Bank,123456,2025-01,IntFM,020201010102,02: Other,02: > 660,01: Canada,01: <= 3 years,01: < 80,02: 30-89 DPD,558,426.86,39,18.32,2.18,2.04,1.64,2.58,0.99,4.57,3.44,0.34,1.12,10
Example Bank,123456,2025-01,IntFM,020201010103,02: Other,02: > 660,01: Canada,01: <= 3 years,01: < 80,03: 90-119 DPD,145,206.65,12,12.33,2.43,2.67,0.93,4.17,0.49,0.77,4.93,1.84,2.2,18
Example Bank,123456,2025-01,IntFM,020201010104,02: Other,02: > 660,01: Canada,01: <= 3 years,01: < 80,04: 120-179 DPD,428,224.73,11,19.86,4.55,0.56,1.83,3.28,-0.27,7.76,0.91,2.05,2.2,7
Example Bank,123456,2025-01,IntFM,020201010105,02: Other,02: > 660,01: Canada,01: <= 3 years,01: < 80,05: 180+ DPD,103,468.3,20,3.69,1.75,1.08,1.9,0.93,0.58,0.37,1.0,2.59,0.82,17
Example Bank,123456,2025-01,IntFM,020201010201,02: Other,02: > 660,01: Canada,01: <= 3 years,02: >= 80,01: Current & 1-29 DPD,803,496.76,39,3.19,2.39,0.67,0.15,2.91,-0.39,2.44,2.73,2.08,0.48,25
Example Bank,123456,2025-01,IntFM,020201010202,02: Other,02: > 660,01: Canada,01: <= 3 years,02: >= 80,02: 30-89 DPD,502,348.75,5,14.08,0.26,1.85,1.26,0.85,0.5,8.19,0.29,2.22,1.76,7
Example Bank,123456,2025-01,IntFM,020201010203,02: Other,02: > 660,01: Canada,01: <= 3 years,02: >= 80,03: 90-119 DPD,812,221.94,12,1.21,3.06,1.49,1.76,2.79,0.99,3.13,3.09,4.15,0.91,14
Example Bank,123456,2025-01,IntFM,020201010204,02: Other,02: > 660,01: Canada,01: <= 3 years,02: >= 80,04: 120-179 DPD,100,99.11,49,3.63,3.06,2.5,0.37,5.19,-0.97,4.11,3.64,4.26,0.66,8
Example Bank,123456,2025-01,IntFM,020201010205,02: Other,02: > 660,01: Canada,01: <= 3 years,02: >= 80,05: 180+ DPD,963,388.11,29,12.88,0.82,2.05,0.23,2.64,0.67,8.91,4.23,2.28,1.1,23
Example Bank,123456,2025-01,IntFM,020201020101,02: Other,02: > 660,01: Canada,02: > 3 years,01: < 80,01: Current & 1-29 DPD,659,120.66,20,9.42,4.31,0.97,0.8,4.48,0.46,6.5,3.66,2.46,2.6,15
Example Bank,123456,2025-01,IntFM,020201020102,02: Other,02: > 660,01: Canada,02: > 3 years,01: < 80,02: 30-89 DPD,196,79.18,1,18.92,1.14,0.42,1.79,-0.23,-0.25,2.53,4.46,3.98,0.81,14
Example Bank,123456,2025-01,IntFM,020201020103,02: Other,02: > 660,01: Canada,02: > 3 years,01: < 80,03: 90-119 DPD,232,400.11,44,11.47,2.55,1.82,0.13,4.24,1.0,4.52,4.68,1.59,2.97,12
Example Bank,123456,2025-01,IntFM,020201020104,02: Other,02: > 660,01: Canada,02: > 3 years,01: < 80,04: 120-179 DPD,526,86.73,2,5.31,4.94,1.1,1.66,4.38,0.06,8.07,2.99,4.87,0.2,9
Example Bank,123456,2025-01,IntFM,020201020105,02: Other,02: > 660,01: Canada,02: > 3 years,01: < 80,05: 180+ DPD,737,379.71,17,18.95,3.72,2.79,0.42,6.09,0.74,1.3,3.98,1.66,0.22,8
Example Bank,123456,2025-01,IntFM,020201020201,02: Other,02: > 660,01: Canada,02: > 3 years,02: >= 80,01: Current & 1-29 DPD,131,335.74,12,6.06,3.49,1.14,1.1,3.53,0.46,6.69,2.73,0.15,0.91,22
Example Bank,123456,2025-01,IntFM,020201020202,02: Other,02: > 660,01: Canada,02: > 3 years,02: >= 80,02: 30-89 DPD,535,448.8,3,2.09,0.97,2.02,0.57,2.42,0.85,8.48,2.55,2.91,2.86,15
Example Bank,123456,2025-01,IntFM,020201020203,02: Other,02: > 660,01: Canada,02: > 3 years,02: >= 80,03: 90-119 DPD,783,111.01,7,1.2,3.41,2.3,0.99,4.72,-0.91,5.13,1.76,3.15,2.34,12
Example Bank,123456,2025-01,IntFM,020201020204,02: Other,02: > 660,01: Canada,02: > 3 years,02: >= 80,04: 120-179 DPD,398,256.33,44,5.19,1.9,1.02,1.06,1.86,-0.46,5.74,1.1,3.99,2.99,14
Example Bank,123456,2025-01,IntFM,020201020205,02: Other,02: > 660,01: Canada,02: > 3 years,02: >= 80,05: 180+ DPD,181,174.35,8,16.71,4.5,2.93,0.15,7.28,-0.64,4.84,1.78,0.28,2.01,6
Example Bank,123456,2025-01,IntFM,020202010101,02: Other,02: > 660,02: EMEA,01: <= 3 years,01: < 80,01: Current & 1-29 DPD,474,468.53,43,4.43,1.94,0.79,1.28,1.45,0.81,1.48,1.68,4.85,1.18,13
Example Bank,123456,2025-01,IntFM,020202010102,02: Other,02: > 660,02: EMEA,01: <= 3 years,01: < 80,02: 30-89 DPD,517,353.92,19,2.53,4.02,1.26,0.39,4.89,-0.95,9.65,0.74,0.2,1.94,7
Example Bank,123456,2025-01,IntFM,020202010103,02: Other,02: > 660,02: EMEA,01: <= 3 years,01: < 80,03: 90-119 DPD,465,229.12,37,19.01,3.31,0.07,1.53,1.85,-0.85,4.42,0.18,4.61,1.11,24
Example Bank,123456,2025-01,IntFM,020202010104,02: Other,02: > 660,02: EMEA,01: <= 3 years,01: < 80,04: 120-179 DPD,324,382.77,13,17.6,3.91,2.77,0.36,6.32,-0.35,8.79,2.24,3.73,0.9,30
Example Bank,123456,2025-01,IntFM,020202010105,02: Other,02: > 660,02: EMEA,01: <= 3 years,01: < 80,05: 180+ DPD,764,436.81,35,1.77,1.54,0.47,0.04,1.97,-0.35,4.93,4.27,3.52,2.16,19
Example Bank,123456,2025-01,IntFM,020202010201,02: Other,02: > 660,02: EMEA,01: <= 3 years,02: >= 80,01: Current & 1-29 DPD,542,214.67,3,19.99,1.17,1.83,0.9,2.1,0.52,8.46,2.63,1.3,2.31,7
Example Bank,123456,2025-01,IntFM,020202010202,02: Other,02: > 660,02: EMEA,01: <= 3 years,02: >= 80,02: 30-89 DPD,612,453.98,9,13.54,1.13,0.27,1.94,-0.54,-0.72,0.2,3.8,4.69,1.46,14
Example Bank,123456,2025-01,IntFM,020202010203,02: Other,02: > 660,02: EMEA,01: <= 3 years,02: >= 80,03: 90-119 DPD,897,326.19,47,4.92,1.09,1.67,0.02,2.74,0.95,8.69,1.13,4.73,2.51,20
Example Bank,123456,2025-01,IntFM,020202010204,02: Other,02: > 660,02: EMEA,01: <= 3 years,02: >= 80,04: 120-179 DPD,205,437.44,7,10.24,3.56,2.71,0.62,5.65,0.02,8.31,3.32,3.6,2.81,24
Example Bank,123456,2025-01,IntFM,020202010205,02: Other,02: > 660,02: EMEA,01: <= 3 years,02: >= 80,05: 180+ DPD,595,441.89,19,12.96,0.0,0.04,1.51,-1.47,-0.49,3.79,0.67,4.08,1.58,18
Example Bank,123456,2025-01,IntFM,020202020101,02: Other,02: > 660,02: EMEA,02: > 3 years,01: < 80,01: Current & 1-29 DPD,177,259.08,6,17.75,0.77,2.9,0.88,2.79,0.62,3.61,3.99,2.58,1.82,26
Example Bank,123456,2025-01,IntFM,020202020102,02: Other,02: > 660,02: EMEA,02: > 3 years,01: < 80,02: 30-89 DPD,733,309.3,38,11.64,3.26,0.12,0.94,2.44,-0.86,4.95,4.65,3.36,2.96,23
Example Bank,123456,2025-01,IntFM,020202020103,02: Other,02: > 660,02: EMEA,02: > 3 years,01: < 80,03: 90-119 DPD,651,243.54,8,2.26,2.24,2.32,0.62,3.94,-0.64,1.33,2.62,2.67,1.59,27
Example Bank,123456,2025-01,IntFM,020202020104,02: Other,02: > 660,02: EMEA,02: > 3 years,01: < 80,04: 120-179 DPD,571,137.71,5,3.84,4.92,1.07,0.1,5.89,0.11,1.97,1.86,2.66,1.86,13
Example Bank,123456,2025-01,IntFM,020202020105,02: Other,02: > 660,02: EMEA,02: > 3 years,01: < 80,05: 180+ DPD,896,208.18,38,11.62,2.9,0.5,1.91,1.49,0.4,6.1,2.86,0.88,1.55,10
Example Bank,123456,2025-01,IntFM,020202020201,02: Other,02: > 660,02: EMEA,02: > 3 years,02: >= 80,01: Current & 1-29 DPD,500,277.48,16,19.19,2.51,1.33,1.39,2.45,0.97,0.94,0.7,3.92,2.86,25
Example Bank,123456,2025-01,IntFM,020202020202,02: Other,02: > 660,02: EMEA,02: > 3 years,02: >= 80,02: 30-89 DPD,545,178.23,39,19.99,3.03,2.4,0.76,4.67,0.44,7.62,0.2,0.9,1.84,17
Example Bank,123456,2025-01,IntFM,020202020203,02: Other,02: > 660,02: EMEA,02: > 3 years,02: >= 80,03: 90-119 DPD,416,489.1,41,3.53,2.72,0.19,0.61,2.3,0.49,6.44,1.64,1.36,0.94,24
Example Bank,123456,2025-01,IntFM,020202020204,02: Other,02: > 660,02: EMEA,02: > 3 years,02: >= 80,04: 120-179 DPD,449,387.98,4,11.49,3.69,0.73,0.22,4.2,-0.12,0.26,4.52,4.16,2.63,18
Example Bank,123456,2025-01,IntFM,020202020205,02: Other,02: > 660,02: EMEA,02: > 3 years,02: >= 80,05: 180+ DPD,701,361.98,27,16.18,3.23,0.63,1.12,2.74,-0.32,4.99,3.79,0.85,2.27,11
Example Bank,123456,2025-01,IntFM,020203010101,02: Other,02: > 660,03: LATAM,01: <= 3 years,01: < 80,01: Current & 1-29 DPD,478,380.51,42,19.47,2.67,2.07,1.45,3.29,0.47,3.75,4.53,3.92,2.53,12
Example Bank,123456,2025-01,IntFM,020203010102,02: Other,02: > 660,03: LATAM,01: <= 3 years,01: < 80,02: 30-89 DPD,175,431.26,11,11.75,2.3,2.65,1.47,3.48,0.48,8.97,2.45,3.68,2.32,7
Example Bank,123456,2025-01,IntFM,020203010103,02: Other,02: > 660,03: LATAM,01: <= 3 years,01: < 80,03: 90-119 DPD,105,475.15,9,17.3,4.19,0.09,0.51,3.77,-0.37,5.69,1.31,3.76,0.25,11
Example Bank,123456,2025-01,IntFM,020203010104,02: Other,02: > 660,03: LATAM,01: <= 3 years,01: < 80,04: 120-179 DPD,266,100.22,11,3.3,3.86,1.88,1.94,3.8,0.6,2.32,1.93,3.34,1.76,27
Example Bank,123456,2025-01,IntFM,020203010105,02: Other,02: > 660,03: LATAM,01: <= 3 years,01: < 80,05: 180+ DPD,800,129.43,28,5.3,1.21,1.99,1.11,2.09,-0.38,3.5,1.46,0.92,2.55,17
Example Bank,123456,2025-01,IntFM,020203010201,02: Other,02: > 660,03: LATAM,01: <= 3 years,02: >= 80,01: Current & 1-29 DPD,706,409.84,23,17.88,0.9,0.68,1.48,0.1,-0.5,1.46,1.68,1.46,2.33,26
Example Bank,123456,2025-01,IntFM,020203010202,02: Other,02: > 660,03: LATAM,01: <= 3 years,02: >= 80,02: 30-89 DPD,754,121.4,1,12.78,1.28,1.15,0.77,1.66,0.77,8.48,4.51,2.27,2.13,5
Example Bank,123456,2025-01,IntFM,020203010203,02: Other,02: > 660,03: LATAM,01: <= 3 years,02: >= 80,03: 90-119 DPD,162,228.51,25,7.02,4.6,0.1,1.34,3.36,-0.3,0.83,0.4,2.37,2.86,23
Example Bank,123456,2025-01,IntFM,020203010204,02: Other,02: > 660,03: LATAM,01: <= 3 years,02: >= 80,04: 120-179 DPD,278,57.48,8,7.38,1.35,0.2,0.69,0.86,0.21,8.79,3.89,1.57,1.77,22
Example Bank,123456,2025-01,IntFM,020203010205,02: Other,02: > 660,03: LATAM,01: <= 3 years,02: >= 80,05: 180+ DPD,622,488.45,28,4.68,0.33,0.53,1.2,-0.34,-0.87,0.41,4.29,2.78,1.05,10
Example Bank,123456,2025-01,IntFM,020203020101,02: Other,02: > 660,03: LATAM,02: > 3 years,01: < 80,01: Current & 1-29 DPD,363,57.83,25,19.75,2.37,2.07,1.66,2.78,-0.95,7.41,2.92,4.79,2.28,27
Example Bank,123456,2025-01,IntFM,020203020102,02: Other,02: > 660,03: LATAM,02: > 3 years,01: < 80,02: 30-89 DPD,137,435.5,10,7.81,2.45,0.95,0.47,2.93,-0.9,8.15,4.93,2.89,0.4,28
Example Bank,123456,2025-01,IntFM,020203020103,02: Other,02: > 660,03: LATAM,02: > 3 years,01: < 80,03: 90-119 DPD,910,347.9,17,5.52,3.68,1.55,1.28,3.95,-0.9,6.09,4.69,0.33,2.95,17
Example Bank,123456,2025-01,IntFM,020203020104,02: Other,02: > 660,03: LATAM,02: > 3 years,01: < 80,04: 120-179 DPD,263,310.13,33,10.47,4.57,0.11,0.68,4.0,0.94,3.13,4.07,2.27,0.72,8
Example Bank,123456,2025-01,IntFM,020203020105,02: Other,02: > 660,03: LATAM,02: > 3 years,01: < 80,05: 180+ DPD,750,351.76,32,18.14,0.8,0.36,1.63,-0.47,-0.81,9.32,1.12,3.42,2.24,25
Example Bank,123456,2025-01,IntFM,020203020201,02: Other,02: > 660,03: LATAM,02: > 3 years,02: >= 80,01: Current & 1-29 DPD,465,182.24,24,13.42,2.39,2.67,0.14,4.92,0.89,1.07,1.84,2.42,1.86,15
Example Bank,123456,2025-01,IntFM,020203020202,02: Other,02: > 660,03: LATAM,02: > 3 years,02: >= 80,02: 30-89 DPD,485,172.33,8,14.55,3.1,1.49,1.58,3.01,0.5,8.01,0.34,1.9,1.5,13
Example Bank,123456,2025-01,IntFM,020203020203,02: Other,02: > 660,03: LATAM,02: > 3 years,02: >= 80,03: 90-119 DPD,630,170.74,36,4.33,2.24,0.44,0.49,2.19,0.83,6.08,4.7,0.17,1.11,21
Example Bank,123456,2025-01,IntFM,020203020204,02: Other,02: > 660,03: LATAM,02: > 3 years,02: >= 80,04: 120-179 DPD,105,396.82,49,18.93,0.12,2.14,1.51,0.75,-0.73,9.14,1.37,4.23,0.6,20
Example Bank,123456,2025-01,IntFM,020203020205,02: Other,02: > 660,03: LATAM,02: > 3 years,02: >= 80,05: 180+ DPD,669,230.2,7,6.4,2.54,2.03,1.61,2.96,0.8,8.9,2.58,3.79,2.5,9
Example Bank,123456,2025-01,IntFM,020204010101,02: Other,02: > 660,04: APAC,01: <= 3 years,01: < 80,01: Current & 1-29 DPD,761,355.19,21,19.03,0.53,2.53,1.52,1.54,-0.07,3.21,0.1,4.01,0.65,28
Example Bank,123456,2025-01,IntFM,020204010102,02: Other,02: > 660,04: APAC,01: <= 3 years,01: < 80,02: 30-89 DPD,430,208.83,48,14.62,1.89,2.8,0.37,4.32,0.94,8.32,4.17,2.85,0.13,18
Example Bank,123456,2025-01,IntFM,020204010103,02: Other,02: > 660,04: APAC,01: <= 3 years,01: < 80,03: 90-119 DPD,136,478.03,41,12.41,2.06,1.01,1.85,1.22,-0.93,6.41,2.3,4.05,2.73,28
Example Bank,123456,2025-01,IntFM,020204010104,02: Other,02: > 660,04: APAC,01: <= 3 years,01: < 80,04: 120-179 DPD,395,147.62,36,1.84,4.43,0.44,1.04,3.83,0.09,6.44,4.73,4.11,2.52,7
Example Bank,123456,2025-01,IntFM,020204010105,02: Other,02: > 660,04: APAC,01: <= 3 years,01: < 80,05: 180+ DPD,609,257.78,34,12.09,0.28,0.11,1.43,-1.04,-0.05,7.21,0.88,2.41,2.25,26
Example Bank,123456,2025-01,IntFM,020204010201,02: Other,02: > 660,04: APAC,01: <= 3 years,02: >= 80,01: Current & 1-29 DPD,344,404.37,50,2.73,2.97,2.55,1.32,4.2,-0.35,8.45,1.89,1.71,1.48,23
Example Bank,123456,2025-01,IntFM,020204010202,02: Other,02: > 660,04: APAC,01: <= 3 years,02: >= 80,02: 30-89 DPD,627,411.05,38,14.15,2.35,0.03,0.88,1.5,-0.37,9.99,3.19,1.11,0.69,7
Example Bank,123456,2025-01,IntFM,020204010203,02: Other,02: > 660,04: APAC,01: <= 3 years,02: >= 80,03: 90-119 DPD,701,450.59,6,15.28,3.7,0.36,0.53,3.53,-0.45,3.39,2.38,4.85,1.63,10
Example Bank,123456,2025-01,IntFM,020204010204,02: Other,02: > 660,04: APAC,01: <= 3 years,02: >= 80,04: 120-179 DPD,848,278.36,30,10.03,1.24,1.03,1.69,0.58,0.89,8.12,1.2,4.45,2.8,6
Example Bank,123456,2025-01,IntFM,020204010205,02: Other,02: > 660,04: APAC,01: <= 3 years,02: >= 80,05: 180+ DPD,686,418.17,48,6.45,2.43,0.11,1.7,0.84,0.44,0.84,0.24,0.59,0.72,25
Example Bank,123456,2025-01,IntFM,020204020101,02: Other,02: > 660,04: APAC,02: > 3 years,01: < 80,01: Current & 1-29 DPD,764,480.49,6,4.21,1.44,0.84,0.61,1.67,0.09,1.37,3.46,2.39,0.5,9
Example Bank,123456,2025-01,IntFM,020204020102,02: Other,02: > 660,04: APAC,02: > 3 years,01: < 80,02: 30-89 DPD,302,235.12,3,9.81,3.47,1.53,0.44,4.56,-0.95,7.51,0.63,2.02,2.4,5
Example Bank,123456,2025-01,IntFM,020204020103,02: Other,02: > 660,04: APAC,02: > 3 years,01: < 80,03: 90-119 DPD,863,150.18,45,18.76,1.86,0.32,1.96,0.22,0.56,5.58,3.27,4.19,0.84,28
Example Bank,123456,2025-01,IntFM,020204020104,02: Other,02: > 660,04: APAC,02: > 3 years,01: < 80,04: 120-179 DPD,523,423.96,4,8.13,0.97,0.81,0.88,0.9,0.01,9.78,2.38,0.49,0.69,5
Example Bank,123456,2025-01,IntFM,020204020105,02: Other,02: > 660,04: APAC,02: > 3 years,01: < 80,05: 180+ DPD,896,477.69,49,18.38,0.48,1.62,1.12,0.98,-0.44,5.12,0.37,4.95,2.98,14
Example Bank,123456,2025-01,IntFM,020204020201,02: Other,02: > 660,04: APAC,02: > 3 years,02: >= 80,01: Current & 1-29 DPD,361,369.74,39,4.12,4.06,1.25,1.79,3.52,0.1,4.62,1.69,1.64,2.41,24
Example Bank,123456,2025-01,IntFM,020204020202,02: Other,02: > 660,04: APAC,02: > 3 years,02: >= 80,02: 30-89 DPD,386,272.35,28,19.75,4.22,0.27,1.83,2.66,-0.28,5.19,1.89,4.4,2.62,22
Example Bank,123456,2025-01,IntFM,020204020203,02: Other,02: > 660,04: APAC,02: > 3 years,02: >= 80,03: 90-119 DPD,411,493.45,17,6.71,4.22,2.95,1.45,5.72,0.05,9.11,2.73,0.73,0.11,17
Example Bank,123456,2025-01,IntFM,020204020204,02: Other,02: > 660,04: APAC,02: > 3 years,02: >= 80,04: 120-179 DPD,130,99.05,2,17.11,2.16,2.16,1.88,2.44,-0.16,7.01,1.88,4.68,2.98,9
Example Bank,123456,2025-01,IntFM,020204020205,02: Other,02: > 660,04: APAC,02: > 3 years,02: >= 80,05: 180+ DPD,855,297.76,2,6.51,0.48,1.95,1.53,0.9,-0.13,6.68,3.62,0.27,1.24,20
Example Bank,123456,2025-01,IntFM,020301010101,02: Other,03: N/A,01: Canada,01: <= 3 years,01: < 80,01: Current & 1-29 DPD,947,486.78,41,17.34,0.83,2.67,0.88,2.62,0.22,0.25,1.59,2.08,2.47,27
Example Bank,123456,2025-01,IntFM,020301010102,02: Other,03: N/A,01: Canada,01: <= 3 years,01: < 80,02: 30-89 DPD,530,465.63,24,4.81,2.8,2.04,0.2,4.64,-0.71,3.4,1.62,3.35,1.55,12
Example Bank,123456,2025-01,IntFM,020301010103,02: Other,03: N/A,01: Canada,01: <= 3 years,01: < 80,03: 90-119 DPD,727,66.76,28,4.81,2.74,2.12,1.03,3.83,0.3,7.38,0.89,1.8,0.25,13
Example Bank,123456,2025-01,IntFM,020301010104,02: Other,03: N/A,01: Canada,01: <= 3 years,01: < 80,04: 120-179 DPD,723,341.08,37,6.99,4.9,0.97,0.29,5.58,0.45,6.92,0.47,4.27,2.53,25
Example Bank,123456,2025-01,IntFM,020301010105,02: Other,03: N/A,01: Canada,01: <= 3 years,01: < 80,05: 180+ DPD,202,299.52,30,11.67,3.22,1.56,0.38,4.4,0.92,5.87,4.98,2.99,1.81,6
Example Bank,123456,2025-01,IntFM,020301010201,02: Other,03: N/A,01: Canada,01: <= 3 years,02: >= 80,01: Current & 1-29 DPD,723,462.5,10,10.93,1.81,2.67,0.68,3.8,-0.57,6.72,3.43,0.6,1.88,17
Example Bank,123456,2025-01,IntFM,020301010202,02: Other,03: N/A,01: Canada,01: <= 3 years,02: >= 80,02: 30-89 DPD,860,111.79,7,17.51,2.85,1.09,1.87,2.07,0.92,7.54,1.78,0.04,2.49,13
Example Bank,123456,2025-01,IntFM,020301010203,02: Other,03: N/A,01: Canada,01: <= 3 years,02: >= 80,03: 90-119 DPD,889,458.24,36,4.58,1.65,2.65,0.96,3.34,-0.92,8.03,0.72,2.25,0.82,24
Example Bank,123456,2025-01,IntFM,020301010204,02: Other,03: N/A,01: Canada,01: <= 3 years,02: >= 80,04: 120-179 DPD,638,479.26,49,11.85,3.97,1.53,1.71,3.79,0.93,3.64,1.16,0.53,1.82,7
Example Bank,123456,2025-01,IntFM,020301010205,02: Other,03: N/A,01: Canada,01: <= 3 years,02: >= 80,05: 180+ DPD,828,494.43,12,10.76,0.86,2.68,0.82,2.72,-0.08,3.32,4.02,2.13,2.59,21
Example Bank,123456,2025-01,IntFM,020301020101,02: Other,03: N/A,01: Canada,02: > 3 years,01: < 80,01: Current & 1-29 DPD,357,338.33,48,12.75,1.01,2.78,1.14,2.65,0.47,5.33,2.98,1.17,0.69,7
Example Bank,123456,2025-01,IntFM,020301020102,02: Other,03: N/A,01: Canada,02: > 3 years,01: < 80,02: 30-89 DPD,496,357.31,22,5.47,1.13,2.05,1.53,1.65,0.21,1.41,0.35,1.06,0.76,10
Example Bank,123456,2025-01,IntFM,020301020103,02: Other,03: N/A,01: Canada,02: > 3 years,01: < 80,03: 90-119 DPD,269,462.04,33,6.56,0.14,1.7,0.12,1.72,0.6,0.5,4.76,0.45,0.07,12
Example Bank,123456,2025-01,IntFM,020301020104,02: Other,03: N/A,01: Canada,02: > 3 years,01: < 80,04: 120-179 DPD,551,245.3,12,12.83,4.44,2.56,0.88,6.12,0.45,3.39,2.63,0.67,0.94,23
Example Bank,123456,2025-01,IntFM,020301020105,02: Other,03: N/A,01: Canada,02: > 3 years,01: < 80,05: 180+ DPD,509,280.61,45,14.38,3.45,2.0,0.31,5.14,0.27,9.6,3.97,2.24,1.0,21
Example Bank,123456,2025-01,IntFM,020301020201,02: Other,03: N/A,01: Canada,02: > 3 years,02: >= 80,01: Current & 1-29 DPD,950,487.36,35,1.73,2.81,0.99,0.47,3.33,-0.17,6.17,0.91,3.38,0.14,16
Example Bank,123456,2025-01,IntFM,020301020202,02: Other,03: N/A,01: Canada,02: > 3 years,02: >= 80,02: 30-89 DPD,116,75.72,15,16.96,2.17,1.03,0.25,2.95,0.83,1.18,1.78,3.51,2.26,11
Example Bank,123456,2025-01,IntFM,020301020203,02: Other,03: N/A,01: Canada,02: > 3 years,02: >= 80,03: 90-119 DPD,853,451.66,25,1.4,1.63,0.77,1.89,0.51,-0.86,1.74,3.3,2.68,1.22,10
Example Bank,123456,2025-01,IntFM,020301020204,02: Other,03: N/A,01: Canada,02: > 3 years,02: >= 80,04: 120-179 DPD,368,348.14,33,19.64,4.54,0.13,1.95,2.72,-0.01,3.5,0.3,4.95,1.97,16
Example Bank,123456,2025-01,IntFM,020301020205,02: Other,03: N/A,01: Canada,02: > 3 years,02: >= 80,05: 180+ DPD,281,83.17,49,5.19,3.54,2.57,1.28,4.83,-0.36,7.42,3.83,4.5,1.7,14
Example Bank,123456,2025-01,IntFM,020302010101,02: Other,03: N/A,02: EMEA,01: <= 3 years,01: < 80,01: Current & 1-29 DPD,765,77.77,1,19.6,2.0,1.32,1.2,2.12,0.94,7.8,2.0,4.32,1.82,22
Example Bank,123456,2025-01,IntFM,020302010102,02: Other,03: N/A,02: EMEA,01: <= 3 years,01: < 80,02: 30-89 DPD,960,410.06,10,9.74,2.13,0.13,0.47,1.79,0.73,1.34,3.94,2.82,0.36,10
Example Bank,123456,2025-01,IntFM,020302010103,02: Other,03: N/A,02: EMEA,01: <= 3 years,01: < 80,03: 90-119 DPD,349,196.46,28,14.16,2.24,2.66,1.32,3.58,-0.15,3.66,0.39,1.83,1.45,22
Example Bank,123456,2025-01,IntFM,020302010104,02: Other,03: N/A,02: EMEA,01: <= 3 years,01: < 80,04: 120-179 DPD,633,159.28,17,5.37,3.06,0.65,1.0,2.71,0.54,0.3,2.6,4.44,0.59,19
Example Bank,123456,2025-01,IntFM,020302010105,02: Other,03: N/A,02: EMEA,01: <= 3 years,01: < 80,05: 180+ DPD,482,173.4,41,10.72,4.07,0.57,1.26,3.38,0.95,2.18,3.79,0.05,0.09,10
Example Bank,123456,2025-01,IntFM,020302010201,02: Other,03: N/A,02: EMEA,01: <= 3 years,02: >= 80,01: Current & 1-29 DPD,602,282.28,33,1.7,1.95,1.26,0.62,2.59,0.61,6.82,4.44,0.27,0.57,18
Example Bank,123456,2025-01,IntFM,020302010202,02: Other,03: N/A,02: EMEA,01: <= 3 years,02: >= 80,02: 30-89 DPD,766,434.04,20,19.98,2.83,0.58,0.11,3.3,0.36,0.75,1.86,0.29,2.97,16
Example Bank,123456,2025-01,IntFM,020302010203,02: Other,03: N/A,02: EMEA,01: <= 3 years,02: >= 80,03: 90-119 DPD,173,179.63,45,10.26,3.82,0.34,0.89,3.27,0.11,6.13,1.42,3.89,0.96,7
Example Bank,123456,2025-01,IntFM,020302010204,02: Other,03: N/A,02: EMEA,01: <= 3 years,02: >= 80,04: 120-179 DPD,845,233.89,42,12.31,2.35,2.99,0.03,5.31,-0.4,2.26,3.56,4.45,1.32,12
Example Bank,123456,2025-01,IntFM,020302010205,02: Other,03: N/A,02: EMEA,01: <= 3 years,02: >= 80,05: 180+ DPD,314,189.73,50,18.77,2.04,2.6,1.37,3.27,-0.56,5.93,4.95,1.06,2.99,13
Example Bank,123456,2025-01,IntFM,020302020101,02: Other,03: N/A,02: EMEA,02: > 3 years,01: < 80,01: Current & 1-29 DPD,568,274.68,27,6.74,4.03,2.05,0.79,5.29,0.6,3.65,0.59,2.62,1.35,8
Example Bank,123456,2025-01,IntFM,020302020102,02: Other,03: N/A,02: EMEA,02: > 3 years,01: < 80,02: 30-89 DPD,679,466.47,38,11.36,4.8,2.59,1.34,6.05,-0.81,8.69,0.81,0.64,2.33,20
Example Bank,123456,2025-01,IntFM,020302020103,02: Other,03: N/A,02: EMEA,02: > 3 years,01: < 80,03: 90-119 DPD,853,233.83,21,18.8,1.63,2.55,0.88,3.3,-0.92,4.71,3.11,1.3,2.01,13
Example Bank,123456,2025-01,IntFM,020302020104,02: Other,03: N/A,02: EMEA,02: > 3 years,01: < 80,04: 120-179 DPD,679,55.23,37,6.11,3.21,2.79,1.09,4.91,-0.33,8.16,2.67,2.1,0.19,24
Example Bank,123456,2025-01,IntFM,020302020105,02: Other,03: N/A,02: EMEA,02: > 3 years,01: < 80,05: 180+ DPD,689,472.84,5,5.7,2.22,0.13,1.2,1.15,0.67,9.71,0.14,4.25,1.36,26
Example Bank,123456,2025-01,IntFM,020302020201,02: Other,03: N/A,02: EMEA,02: > 3 years,02: >= 80,01: Current & 1-29 DPD,754,456.18,9,2.35,2.43,2.88,1.43,3.88,0.01,1.16,0.21,4.18,1.2,24
Example Bank,123456,2025-01,IntFM,020302020202,02: Other,03: N/A,02: EMEA,02: > 3 years,02: >= 80,02: 30-89 DPD,322,363.35,23,1.43,0.42,1.52,1.49,0.45,0.47,3.02,3.29,1.22,1.58,28
Example Bank,123456,2025-01,IntFM,020302020203,02: Other,03: N/A,02: EMEA,02: > 3 years,02: >= 80,03: 90-119 DPD,383,129.03,19,10.88,2.83,2.61,0.83,4.61,0.03,7.92,3.39,4.09,1.58,19
Example Bank,123456,2025-01,IntFM,020302020204,02: Other,03: N/A,02: EMEA,02: > 3 years,02: >= 80,04: 120-179 DPD,740,453.99,0,8.0,3.58,0.37,0.9,3.05,0.4,5.48,1.1,2.21,0.25,11
Example Bank,123456,2025-01,IntFM,020302020205,02: Other,03: N/A,02: EMEA,02: > 3 years,02: >= 80,05: 180+ DPD,703,190.65,12,1.23,4.6,2.1,0.78,5.92,-0.16,4.64,0.91,3.42,1.4,11
Example Bank,123456,2025-01,IntFM,020303010101,02: Other,03: N/A,03: LATAM,01: <= 3 years,01: < 80,01: Current & 1-29 DPD,498,189.69,48,13.0,0.68,0.47,1.25,-0.1,0.79,5.0,2.58,1.42,0.34,6
Example Bank,123456,2025-01,IntFM,020303010102,02: Other,03: N/A,03: LATAM,01: <= 3 years,01: < 80,02: 30-89 DPD,244,231.82,15,13.22,0.86,1.1,1.31,0.65,-0.25,1.86,2.21,4.64,2.17,26
Example Bank,123456,2025-01,IntFM,020303010103,02: Other,03: N/A,03: LATAM,01: <= 3 years,01: < 80,03: 90-119 DPD,767,127.22,29,9.13,2.61,0.74,1.29,2.06,-0.86,6.36,3.21,4.13,0.01,20
Example Bank,123456,2025-01,IntFM,020303010104,02: Other,03: N/A,03: LATAM,01: <= 3 years,01: < 80,04: 120-179 DPD,698,322.36,23,18.15,3.73,0.23,0.7,3.26,-0.75,2.01,3.44,3.14,2.47,25
Example Bank,123456,2025-01,IntFM,020303010105,02: Other,03: N/A,03: LATAM,01: <= 3 years,01: < 80,05: 180+ DPD,233,260.23,1,7.73,2.89,0.86,0.84,2.91,0.79,3.08,1.83,3.48,0.04,25
Example Bank,123456,2025-01,IntFM,020303010201,02: Other,03: N/A,03: LATAM,01: <= 3 years,02: >= 80,01: Current & 1-29 DPD,278,264.98,18,19.98,3.11,1.14,1.36,2.89,0.78,5.24,4.53,4.89,1.17,17
Example Bank,123456,2025-01,IntFM,020303010202,02: Other,03: N/A,03: LATAM,01: <= 3 years,02: >= 80,02: 30-89 DPD,955,452.42,0,8.44,3.06,2.31,0.62,4.75,-0.85,5.24,4.21,1.01,2.52,14
Example Bank,123456,2025-01,IntFM,020303010203,02: Other,03: N/A,03: LATAM,01: <= 3 years,02: >= 80,03: 90-119 DPD,254,400.35,4,11.28,1.55,2.77,1.94,2.38,0.69,2.31,1.45,4.15,2.14,19
Example Bank,123456,2025-01,IntFM,020303010204,02: Other,03: N/A,03: LATAM,01: <= 3 years,02: >= 80,04: 120-179 DPD,807,221.84,27,1.11,4.93,2.69,1.1,6.52,-0.13,4.25,2.3,4.41,2.81,26
Example Bank,123456,2025-01,IntFM,020303010205,02: Other,03: N/A,03: LATAM,01: <= 3 years,02: >= 80,05: 180+ DPD,152,411.46,47,2.12,1.85,1.22,1.43,1.64,0.92,8.87,4.78,1.22,0.11,6
Example Bank,123456,2025-01,IntFM,020303020101,02: Other,03: N/A,03: LATAM,02: > 3 years,01: < 80,01: Current & 1-29 DPD,603,325.85,43,1.6,4.91,0.33,0.74,4.5,0.21,1.37,2.78,3.72,2.21,10
Example Bank,123456,2025-01,IntFM,020303020102,02: Other,03: N/A,03: LATAM,02: > 3 years,01: < 80,02: 30-89 DPD,826,448.43,20,14.99,4.73,0.78,0.33,5.18,0.48,1.06,2.57,3.55,0.7,22
Example Bank,123456,2025-01,IntFM,020303020103,02: Other,03: N/A,03: LATAM,02: > 3 years,01: < 80,03: 90-119 DPD,461,150.18,2,12.26,3.51,0.27,1.91,1.87,-0.1,2.31,1.99,3.53,1.34,20
Example Bank,123456,2025-01,IntFM,020303020104,02: Other,03: N/A,03: LATAM,02: > 3 years,01: < 80,04: 120-179 DPD,794,303.6,41,10.91,4.04,1.1,0.4,4.74,-0.71,2.8,1.48,4.28,2.83,10
Example Bank,123456,2025-01,IntFM,020303020105,02: Other,03: N/A,03: LATAM,02: > 3 years,01: < 80,05: 180+ DPD,662,457.12,21,3.32,1.73,0.21,0.9,1.04,-0.7,7.03,4.22,4.3,2.7,28
Example Bank,123456,2025-01,IntFM,020303020201,02: Other,03: N/A,03: LATAM,02: > 3 years,02: >= 80,01: Current & 1-29 DPD,484,408.38,22,15.37,1.63,2.15,0.71,3.07,-0.02,6.21,4.3,2.9,1.69,28
Example Bank,123456,2025-01,IntFM,020303020202,02: Other,03: N/A,03: LATAM,02: > 3 years,02: >= 80,02: 30-89 DPD,447,257.1,31,18.11,1.73,2.54,0.32,3.95,-0.2,1.44,4.43,3.65,1.48,28
Example Bank,123456,2025-01,IntFM,020303020203,02: Other,03: N/A,03: LATAM,02: > 3 years,02: >= 80,03: 90-119 DPD,514,197.6,37,7.05,0.92,0.68,0.64,0.96,0.61,7.1,3.8,1.83,1.29,17
Example Bank,123456,2025-01,IntFM,020303020204,02: Other,03: N/A,03: LATAM,02: > 3 years,02: >= 80,04: 120-179 DPD,462,114.93,39,9.17,1.05,0.88,0.49,1.44,0.94,8.35,1.16,0.32,2.1,5
Example Bank,123456,2025-01,IntFM,020303020205,02: Other,03: N/A,03: LATAM,02: > 3 years,02: >= 80,05: 180+ DPD,926,413.52,36,13.37,2.96,0.18,1.29,1.85,-0.27,9.8,2.49,0.1,1.62,30
Example Bank,123456,2025-01,IntFM,020304010101,02: Other,03: N/A,04: APAC,01: <= 3 years,01: < 80,01: Current & 1-29 DPD,792,248.57,47,15.19,2.19,0.68,0.73,2.14,-0.62,2.96,2.95,0.13,1.61,14
Example Bank,123456,2025-01,IntFM,020304010102,02: Other,03: N/A,04: APAC,01: <= 3 years,01: < 80,02: 30-89 DPD,508,433.89,12,5.44,4.18,2.36,1.21,5.33,0.82,2.44,0.95,2.57,1.57,14
Example Bank,123456,2025-01,IntFM,020304010103,02: Other,03: N/A,04: APAC,01: <= 3 years,01: < 80,03: 90-119 DPD,793,246.84,30,12.91,2.57,2.69,1.63,3.63,0.39,3.77,1.95,4.08,0.07,17
Example Bank,123456,2025-01,IntFM,020304010104,02: Other,03: N/A,04: APAC,01: <= 3 years,01: < 80,04: 120-179 DPD,526,319.2,37,2.94,1.04,0.88,1.0,0.92,0.57,5.05,3.87,0.87,0.64,17
Example Bank,123456,2025-01,IntFM,020304010105,02: Other,03: N/A,04: APAC,01: <= 3 years,01: < 80,05: 180+ DPD,950,220.5,34,9.65,0.34,2.53,1.88,0.99,0.24,7.78,1.4,1.45,1.94,27
Example Bank,123456,2025-01,IntFM,020304010201,02: Other,03: N/A,04: APAC,01: <= 3 years,02: >= 80,01: Current & 1-29 DPD,730,331.29,5,6.27,1.34,1.12,1.32,1.14,-0.92,7.02,4.19,3.58,0.17,28
Example Bank,123456,2025-01,IntFM,020304010202,02: Other,03: N/A,04: APAC,01: <= 3 years,02: >= 80,02: 30-89 DPD,738,293.43,18,11.34,1.84,2.79,1.82,2.81,0.84,9.83,4.9,0.85,2.62,15
Example Bank,123456,2025-01,IntFM,020304010203,02: Other,03: N/A,04: APAC,01: <= 3 years,02: >= 80,03: 90-119 DPD,400,110.39,18,18.53,1.33,2.33,0.49,3.17,0.14,2.08,0.29,0.05,0.55,27
Example Bank,123456,2025-01,IntFM,020304010204,02: Other,03: N/A,04: APAC,01: <= 3 years,02: >= 80,04: 120-179 DPD,600,144.81,9,13.16,2.0,1.94,1.98,1.96,0.81,1.8,3.4,2.46,2.93,20
Example Bank,123456,2025-01,IntFM,020304010205,02: Other,03: N/A,04: APAC,01: <= 3 years,02: >= 80,05: 180+ DPD,774,271.82,42,5.57,4.97,2.88,0.97,6.88,0.7,3.25,3.03,0.44,1.84,8
Example Bank,123456,2025-01,IntFM,020304020101,02: Other,03: N/A,04: APAC,02: > 3 years,01: < 80,01: Current & 1-29 DPD,878,435.03,23,13.28,1.77,2.0,0.74,3.03,0.39,3.67,3.12,2.76,1.19,24
Example Bank,123456,2025-01,IntFM,020304020102,02: Other,03: N/A,04: APAC,02: > 3 years,01: < 80,02: 30-89 DPD,185,183.08,26,10.77,4.14,2.72,1.57,5.29,0.56,9.08,0.81,1.31,2.98,7
Example Bank,123456,2025-01,IntFM,020304020103,02: Other,03: N/A,04: APAC,02: > 3 years,01: < 80,03: 90-119 DPD,443,159.63,5,14.34,0.1,1.02,1.09,0.03,-0.24,6.43,3.02,3.02,0.75,6
Example Bank,123456,2025-01,IntFM,020304020104,02: Other,03: N/A,04: APAC,02: > 3 years,01: < 80,04: 120-179 DPD,199,221.99,5,5.34,0.86,1.66,0.09,2.43,-0.19,0.36,3.01,0.95,2.77,16
Example Bank,123456,2025-01,IntFM,020304020105,02: Other,03: N/A,04: APAC,02: > 3 years,01: < 80,05: 180+ DPD,623,185.23,13,1.68,1.72,2.94,0.33,4.33,0.39,8.49,1.37,0.9,2.18,29
Example Bank,123456,2025-01,IntFM,020304020201,02: Other,03: N/A,04: APAC,02: > 3 years,02: >= 80,01: Current & 1-29 DPD,767,273.11,5,18.36,4.95,2.25,0.8,6.4,-0.85,1.72,3.48,3.28,1.01,23
Example Bank,123456,2025-01,IntFM,020304020202,02: Other,03: N/A,04: APAC,02: > 3 years,02: >= 80,02: 30-89 DPD,101,427.73,46,6.83,1.4,1.66,1.56,1.5,0.19,9.13,3.44,0.84,1.26,21
Example Bank,123456,2025-01,IntFM,020304020203,02: Other,03: N/A,04: APAC,02: > 3 years,02: >= 80,03: 90-119 DPD,824,180.53,13,12.66,3.64,0.57,0.99,3.22,-0.81,6.33,1.52,2.42,0.5,24
Example Bank,123456,2025-01,IntFM,020304020204,02: Other,03: N/A,04: APAC,02: > 3 years,02: >= 80,04: 120-179 DPD,877,141.67,9,5.54,2.13,0.91,0.06,2.98,-0.84,0.34,4.46,2.32,2.03,10
Example Bank,123456,2025-01,IntFM,020304020205,02: Other,03: N/A,04: APAC,02: > 3 years,02: >= 80,05: 180+ DPD,182,208.92,22,7.32,4.36,2.16,0.39,6.13,0.03,9.31,3.97,1.82,1.27,7
