BHC_NAME,RSSD_ID,REPORTING_MONTH,PORTFOLIO_ID,SEGMENT_ID,Product Type,Credit Score,Delinquency Status,Geography,# Accounts,$ Outstandings,# New Accounts,$ New Accounts,$ Vehicle type Car/Van,$ Vehicle type SUV/Truck,$ Vehicle type Sport/Luxury/Convertible,$ Vehicle type Unknown,$ Repossession,$ Current Month Repossession,$ Gross Contractual Charge-offs,$ Bankruptcy Charge-offs,$ Recoveries,$ Net Charge-offs,Adjustment Factor,PD,LGD,ELGD,RWA,WAL,$ Ever 30DPD (12M),$ Ever 60DPD (12M),Projected Value,Actual Sale Proceeds
Bank_1,981502,2025-02,IntAuto,1010101,XX - New Auto,XX - 01 - <=620,01 - Current,01 - Canada,6184,144.09,275,5.95,127.96,154.18,45.81,14.69,8.33,2.72,2.61,0.47,0.96,2.12,0.0,0.026,0.75,0.73,259.33,61,29.63,26.98,,
Bank_2,709763,2025-02,IntAuto,1010102,XX - New Auto,XX - 01 - <=620,01 - Current,02 - EMEA,7194,211.62,58,20.11,26.62,177.44,79.44,4.32,8.29,4.15,2.62,1.54,0.8,3.36,-0.0,0.085,0.63,0.58,150.39,43,45.67,19.89,,
Bank_3,850987,2025-02,IntAuto,1010103,XX - New Auto,XX - 01 - <=620,01 - Current,03 - LATAM,6129,321.08,486,25.26,105.12,165.99,34.22,3.92,5.47,2.18,2.72,0.13,0.56,2.29,0.0,0.084,0.53,0.85,222.89,64,36.84,3.78,,
Bank_4,542317,2025-02,IntAuto,1010104,XX - New Auto,XX - 01 - <=620,01 - Current,04 - APAC,3351,408.39,247,15.85,145.7,58.94,16.19,9.69,7.57,1.93,2.37,0.77,1.4,1.74,-0.0,0.064,0.81,0.73,156.64,64,40.54,10.53,,
Bank_5,180199,2025-02,IntAuto,1010201,XX - New Auto,XX - 01 - <=620,02 - 1-29 DPD,01 - Canada,7905,107.1,63,44.98,185.4,87.92,12.21,5.07,6.39,3.37,3.24,0.92,0.42,3.74,-0.16,0.038,0.89,0.56,256.64,42,12.66,2.18,,
Bank_6,309380,2025-02,IntAuto,1010202,XX - New Auto,XX - 01 - <=620,02 - 1-29 DPD,02 - EMEA,9369,149.46,50,48.33,73.39,142.22,38.85,19.64,8.95,3.12,1.68,0.27,1.19,0.76,0.0,0.022,0.59,0.65,284.86,70,19.91,26.39,,
Bank_7,955707,2025-02,IntAuto,1010203,XX - New Auto,XX - 01 - <=620,02 - 1-29 DPD,03 - LATAM,4333,432.94,433,40.83,139.48,195.72,45.0,14.33,3.78,3.59,2.96,1.19,1.28,2.87,0.0,0.057,0.55,0.81,129.81,18,37.8,23.21,,
Bank_8,884307,2025-02,IntAuto,1010204,XX - New Auto,XX - 01 - <=620,02 - 1-29 DPD,04 - APAC,2794,154.64,198,46.19,13.26,111.8,77.71,12.84,3.98,1.69,3.46,0.55,0.8,3.21,0.0,0.095,0.66,0.62,244.73,20,19.34,29.37,,
Bank_9,369660,2025-02,IntAuto,1010301,XX - New Auto,XX - 01 - <=620,03 - 30-59 DPD,01 - Canada,9611,198.19,54,28.14,54.63,174.11,8.13,5.82,7.62,1.3,0.72,0.92,0.34,1.3,0.0,0.093,0.77,0.54,169.77,48,49.32,19.91,,
Bank_10,496898,2025-02,IntAuto,1010302,XX - New Auto,XX - 01 - <=620,03 - 30-59 DPD,02 - EMEA,5709,193.16,342,16.47,36.06,116.04,50.92,11.05,6.5,4.91,1.06,0.8,0.59,1.27,0.91,0.074,0.65,0.54,80.81,70,14.31,8.06,,
Bank_11,439854,2025-02,IntAuto,1010303,XX - New Auto,XX - 01 - <=620,03 - 30-59 DPD,03 - LATAM,7415,417.12,97,31.63,139.76,21.82,61.49,17.72,1.37,2.02,2.75,1.06,0.57,3.24,0.0,0.013,0.88,0.76,269.95,70,13.48,27.96,,
Bank_12,182327,2025-02,IntAuto,1010304,XX - New Auto,XX - 01 - <=620,03 - 30-59 DPD,04 - APAC,5555,106.29,189,35.84,121.58,105.25,24.3,2.93,6.25,2.62,4.1,0.55,1.45,3.2,0.0,0.045,0.51,0.76,293.32,38,29.46,5.04,,
Bank_13,537894,2025-02,IntAuto,1010401,XX - New Auto,XX - 01 - <=620,04 - 60-89 DPD,01 - Canada,2113,82.89,483,47.21,188.84,139.43,15.62,14.83,5.83,4.12,3.31,0.71,0.2,3.82,0.0,0.017,0.79,0.76,179.74,67,21.77,16.71,,
Bank_14,365463,2025-02,IntAuto,1010402,XX - New Auto,XX - 01 - <=620,04 - 60-89 DPD,02 - EMEA,3065,409.5,497,30.4,18.43,161.94,79.16,17.25,1.32,2.31,3.95,1.97,0.61,5.31,0.0,0.083,0.83,0.77,78.06,38,7.24,17.62,,
Bank_15,531160,2025-02,IntAuto,1010403,XX - New Auto,XX - 01 - <=620,04 - 60-89 DPD,03 - LATAM,9412,413.47,107,36.96,14.35,60.31,46.51,12.78,9.04,2.9,4.5,0.8,1.17,4.13,-0.12,0.08,0.62,0.59,183.89,18,36.41,22.52,,
Bank_16,734597,2025-02,IntAuto,1010404,XX - New Auto,XX - 01 - <=620,04 - 60-89 DPD,04 - APAC,6573,273.92,226,25.56,176.98,122.46,81.7,14.98,5.86,1.48,0.89,0.56,0.2,1.25,-0.0,0.092,0.76,0.9,247.16,46,43.86,8.65,,
Bank_17,580469,2025-02,IntAuto,1010501,XX - New Auto,XX - 01 - <=620,05 - 90-119 DPD,01 - Canada,1014,223.56,301,32.15,192.04,39.73,14.32,16.45,8.23,1.96,3.85,0.5,0.57,3.78,0.0,0.084,0.58,0.85,69.71,48,20.28,6.72,,
Bank_18,360419,2025-02,IntAuto,1010502,XX - New Auto,XX - 01 - <=620,05 - 90-119 DPD,02 - EMEA,9205,106.85,67,8.78,68.1,170.33,99.79,12.8,5.15,0.62,4.43,1.47,1.32,4.58,0.0,0.089,0.77,0.77,176.9,64,25.58,23.57,,
Bank_19,133558,2025-02,IntAuto,1010503,XX - New Auto,XX - 01 - <=620,05 - 90-119 DPD,03 - LATAM,2932,277.28,98,26.3,92.45,62.59,31.77,3.3,9.7,2.16,2.04,1.59,0.87,2.76,0.0,0.034,0.66,0.64,224.97,43,16.69,6.27,,
Bank_20,523955,2025-02,IntAuto,1010504,XX - New Auto,XX - 01 - <=620,05 - 90-119 DPD,04 - APAC,9871,471.53,150,37.09,75.56,143.48,77.24,8.23,9.64,4.76,1.09,1.91,0.39,2.61,0.38,0.067,0.77,0.56,60.76,42,22.96,24.6,,
Bank_21,807146,2025-02,IntAuto,1010601,XX - New Auto,XX - 01 - <=620,06 - 120+ DPD,01 - Canada,7948,193.28,231,31.13,179.24,192.78,10.64,15.4,4.97,4.21,4.63,0.38,0.39,4.62,0.0,0.061,0.79,0.69,291.2,52,31.36,17.13,,
Bank_22,802226,2025-02,IntAuto,1010602,XX - New Auto,XX - 01 - <=620,06 - 120+ DPD,02 - EMEA,8118,476.69,160,35.03,177.28,10.85,61.02,3.46,4.19,3.54,4.92,0.1,1.4,3.62,0.0,0.068,0.72,0.51,291.47,23,18.31,15.94,,
Bank_23,953364,2025-02,IntAuto,1010603,XX - New Auto,XX - 01 - <=620,06 - 120+ DPD,03 - LATAM,5667,277.64,469,5.36,29.01,116.59,59.58,1.84,2.16,2.95,1.7,1.53,1.06,2.17,0.0,0.02,0.83,0.9,194.28,55,16.57,13.38,,
Bank_24,546297,2025-02,IntAuto,1010604,XX - New Auto,XX - 01 - <=620,06 - 120+ DPD,04 - APAC,1705,297.91,246,31.3,108.69,110.57,17.67,15.97,6.08,4.18,1.33,0.16,0.92,0.57,0.0,0.021,0.7,0.74,230.92,12,31.55,5.97,,
Bank_25,960710,2025-02,IntAuto,1020101,XX - New Auto,XX - 02 - >620,01 - Current,01 - Canada,2305,424.09,352,26.73,196.48,136.89,22.62,18.5,5.03,4.81,0.57,1.25,1.19,0.63,-1.0,0.05,0.53,0.86,179.45,15,13.3,24.55,,
Bank_26,153916,2025-02,IntAuto,1020102,XX - New Auto,XX - 02 - >620,01 - Current,02 - EMEA,6786,449.77,249,5.3,75.69,22.94,79.17,5.42,1.97,1.39,0.81,1.66,0.43,2.04,0.0,0.052,0.83,0.57,76.04,54,19.2,7.27,,
Bank_27,977406,2025-02,IntAuto,1020103,XX - New Auto,XX - 02 - >620,01 - Current,03 - LATAM,1449,455.61,83,44.62,125.9,97.12,40.45,7.33,8.79,2.06,2.94,1.56,1.31,3.19,0.0,0.056,0.56,0.88,276.36,22,19.08,27.88,,
Bank_28,655172,2025-02,IntAuto,1020104,XX - New Auto,XX - 02 - >620,01 - Current,04 - APAC,5312,195.01,133,17.45,144.82,59.85,84.05,10.31,4.13,3.64,3.58,1.94,0.96,4.56,0.0,0.026,0.77,0.74,261.79,45,18.96,29.54,,
Bank_29,496781,2025-02,IntAuto,1020201,XX - New Auto,XX - 02 - >620,02 - 1-29 DPD,01 - Canada,6886,377.66,164,38.41,195.4,177.83,88.53,12.5,4.12,2.29,4.31,1.74,1.02,5.03,0.0,0.019,0.74,0.74,299.38,27,15.25,19.66,,
Bank_30,943915,2025-02,IntAuto,1020202,XX - New Auto,XX - 02 - >620,02 - 1-29 DPD,02 - EMEA,1676,204.91,290,40.18,150.91,176.77,9.43,9.12,9.02,3.65,3.44,0.61,0.49,3.56,-0.39,0.038,0.67,0.8,203.77,62,11.52,4.92,,
Bank_31,226411,2025-02,IntAuto,1020203,XX - New Auto,XX - 02 - >620,02 - 1-29 DPD,03 - LATAM,9710,366.47,232,46.88,76.81,184.01,7.77,7.4,8.33,4.8,1.76,0.21,0.12,1.85,0.0,0.053,0.62,0.69,232.78,70,11.46,14.53,,
Bank_32,410615,2025-02,IntAuto,1020204,XX - New Auto,XX - 02 - >620,02 - 1-29 DPD,04 - APAC,9931,158.41,470,34.92,119.48,44.29,60.91,13.58,9.67,1.91,1.17,0.46,0.35,1.28,0.0,0.021,0.72,0.8,188.09,39,45.69,6.69,,
Bank_33,453235,2025-02,IntAuto,1020301,XX - New Auto,XX - 02 - >620,03 - 30-59 DPD,01 - Canada,3499,419.86,407,45.07,111.31,129.88,14.31,1.43,4.35,2.54,3.09,0.56,1.02,2.63,0.0,0.051,0.7,0.77,176.62,12,8.41,2.61,,
Bank_34,252043,2025-02,IntAuto,1020302,XX - New Auto,XX - 02 - >620,03 - 30-59 DPD,02 - EMEA,9750,317.75,369,24.27,110.46,42.26,44.52,5.61,9.55,2.61,0.51,0.99,1.42,0.08,-0.0,0.064,0.89,0.66,111.96,16,10.48,13.42,,
Bank_35,996591,2025-02,IntAuto,1020303,XX - New Auto,XX - 02 - >620,03 - 30-59 DPD,03 - LATAM,1486,349.57,353,30.63,46.67,149.78,38.08,11.62,5.77,4.92,2.3,1.36,0.54,3.12,-0.17,0.057,0.89,0.56,214.39,40,37.66,22.08,,
Bank_36,994131,2025-02,IntAuto,1020304,XX - New Auto,XX - 02 - >620,03 - 30-59 DPD,04 - APAC,8829,243.46,93,48.94,146.28,61.37,9.41,2.92,2.63,1.75,2.58,1.6,1.33,2.85,0.0,0.021,0.51,0.9,122.79,30,32.42,17.27,,
Bank_37,531562,2025-02,IntAuto,1020401,XX - New Auto,XX - 02 - >620,04 - 60-89 DPD,01 - Canada,1680,468.37,243,41.04,153.61,25.61,51.71,13.61,8.19,0.86,1.33,1.22,0.4,2.15,0.0,0.011,0.64,0.85,283.17,19,9.52,9.14,,
Bank_38,909009,2025-02,IntAuto,1020402,XX - New Auto,XX - 02 - >620,04 - 60-89 DPD,02 - EMEA,1494,325.08,113,49.25,89.86,75.59,33.42,3.29,5.12,4.71,2.7,0.31,0.11,2.9,-0.0,0.037,0.63,0.56,130.02,13,31.36,19.03,,
Bank_39,116204,2025-02,IntAuto,1020403,XX - New Auto,XX - 02 - >620,04 - 60-89 DPD,03 - LATAM,2749,279.64,210,26.88,130.94,140.32,87.9,4.63,7.95,4.19,2.04,1.67,1.16,2.55,0.0,0.072,0.8,0.86,114.69,37,25.6,18.08,,
Bank_40,806400,2025-02,IntAuto,1020404,XX - New Auto,XX - 02 - >620,04 - 60-89 DPD,04 - APAC,4434,445.61,58,13.26,159.43,19.25,67.52,20.0,2.02,2.87,4.94,1.4,0.66,5.68,-0.88,0.078,0.53,0.62,171.85,52,7.05,4.67,,
Bank_41,399817,2025-02,IntAuto,1020501,XX - New Auto,XX - 02 - >620,05 - 90-119 DPD,01 - Canada,9785,473.47,464,12.2,72.54,176.29,39.0,9.61,7.58,2.15,3.7,1.9,0.95,4.65,0.0,0.072,0.62,0.51,198.63,46,34.25,24.98,,
Bank_42,778617,2025-02,IntAuto,1020502,XX - New Auto,XX - 02 - >620,05 - 90-119 DPD,02 - EMEA,3076,418.0,398,41.14,98.27,155.6,8.23,15.88,4.35,4.97,1.48,0.76,0.97,1.27,-0.0,0.041,0.52,0.75,65.57,40,37.95,9.71,,
Bank_43,923289,2025-02,IntAuto,1020503,XX - New Auto,XX - 02 - >620,05 - 90-119 DPD,03 - LATAM,2233,298.15,303,13.84,81.89,170.19,52.84,4.64,2.2,2.33,4.28,0.91,0.93,4.26,-0.0,0.026,0.86,0.58,119.84,41,11.32,8.05,,
Bank_44,364746,2025-02,IntAuto,1020504,XX - New Auto,XX - 02 - >620,05 - 90-119 DPD,04 - APAC,7406,168.51,469,40.73,50.3,189.82,50.31,6.56,6.48,2.79,1.29,0.68,1.36,0.61,-0.0,0.087,0.84,0.76,64.46,24,12.09,29.12,,
Bank_45,879592,2025-02,IntAuto,1020601,XX - New Auto,XX - 02 - >620,06 - 120+ DPD,01 - Canada,3884,200.38,380,45.82,199.41,27.47,29.36,19.37,6.84,0.96,4.78,0.25,0.88,4.15,0.95,0.024,0.55,0.65,171.31,45,49.94,2.71,,
Bank_46,914763,2025-02,IntAuto,1020602,XX - New Auto,XX - 02 - >620,06 - 120+ DPD,02 - EMEA,4329,190.92,294,46.96,31.6,187.83,18.52,17.03,8.22,4.05,4.67,1.09,1.32,4.44,0.0,0.01,0.54,0.81,176.67,59,15.05,14.53,,
Bank_47,793422,2025-02,IntAuto,1020603,XX - New Auto,XX - 02 - >620,06 - 120+ DPD,03 - LATAM,6899,476.48,375,14.83,176.79,14.39,75.72,19.12,1.63,2.14,0.86,0.26,1.01,0.11,-0.0,0.092,0.68,0.53,260.64,35,25.93,16.55,,
Bank_48,258915,2025-02,IntAuto,1020604,XX - New Auto,XX - 02 - >620,06 - 120+ DPD,04 - APAC,1351,423.35,469,19.09,99.88,65.81,42.8,6.11,7.9,4.3,1.46,1.76,1.4,1.82,0.0,0.094,0.56,0.55,55.95,68,31.52,7.87,,
Bank_49,558049,2025-02,IntAuto,1030101,XX - New Auto,,01 - Current,01 - Canada,3777,63.96,307,16.28,49.06,77.02,83.39,9.82,6.2,0.54,1.48,1.18,1.49,1.17,-0.0,0.082,0.77,0.75,51.3,65,47.69,2.12,,
Bank_50,332435,2025-02,IntAuto,1030102,XX - New Auto,,01 - Current,02 - EMEA,6822,182.62,466,45.46,91.98,177.12,96.74,5.58,4.46,1.62,1.39,1.87,0.36,2.9,-0.36,0.033,0.72,0.53,82.03,25,26.65,11.07,,
Bank_51,398562,2025-02,IntAuto,1030103,XX - New Auto,,01 - Current,03 - LATAM,6298,487.72,197,46.46,68.99,158.67,71.78,8.61,7.24,2.93,1.21,0.8,0.86,1.15,0.0,0.043,0.85,0.79,135.31,68,47.96,8.25,,
Bank_52,158989,2025-02,IntAuto,1030104,XX - New Auto,,01 - Current,04 - APAC,8612,405.15,190,8.91,142.08,175.6,53.9,8.38,6.57,2.95,1.39,0.88,1.49,0.78,0.0,0.083,0.72,0.57,214.09,38,33.23,19.23,,
Bank_53,273020,2025-02,IntAuto,1030201,XX - New Auto,,02 - 1-29 DPD,01 - Canada,9119,158.51,469,41.76,85.23,35.35,25.6,14.53,3.94,1.87,0.76,0.54,0.4,0.9,0.0,0.046,0.81,0.75,223.05,38,38.63,2.11,,
Bank_54,570990,2025-02,IntAuto,1030202,XX - New Auto,,02 - 1-29 DPD,02 - EMEA,8120,99.36,156,12.81,107.21,100.64,10.16,11.48,5.34,1.75,1.57,0.73,1.0,1.3,0.0,0.011,0.86,0.79,298.65,60,28.94,4.12,,
Bank_55,436022,2025-02,IntAuto,1030203,XX - New Auto,,02 - 1-29 DPD,03 - LATAM,1075,272.29,305,12.65,32.84,42.84,44.98,7.17,9.84,3.45,2.73,1.55,1.07,3.21,0.62,0.08,0.56,0.67,171.68,62,8.01,26.35,,
Bank_56,358183,2025-02,IntAuto,1030204,XX - New Auto,,02 - 1-29 DPD,04 - APAC,5773,296.46,113,37.2,53.16,183.54,78.14,1.86,7.95,3.08,2.23,1.44,0.56,3.11,0.0,0.066,0.69,0.61,293.01,70,14.64,9.83,,
Bank_57,516198,2025-02,IntAuto,1030301,XX - New Auto,,03 - 30-59 DPD,01 - Canada,2913,355.22,211,9.85,113.46,59.41,8.19,14.22,3.22,1.98,3.78,0.57,0.37,3.98,0.0,0.023,0.79,0.71,166.9,21,49.95,17.28,,
Bank_58,543839,2025-02,IntAuto,1030302,XX - New Auto,,03 - 30-59 DPD,02 - EMEA,3834,145.08,201,33.69,95.55,147.05,24.2,13.72,7.04,1.9,2.2,0.33,0.38,2.15,-0.0,0.016,0.9,0.85,223.7,24,37.86,8.45,,
Bank_59,654052,2025-02,IntAuto,1030303,XX - New Auto,,03 - 30-59 DPD,03 - LATAM,9957,336.58,336,30.28,80.74,108.9,93.56,12.5,2.47,2.5,2.21,0.2,1.49,0.92,-0.0,0.02,0.65,0.75,51.92,57,19.62,7.62,,
Bank_60,975610,2025-02,IntAuto,1030304,XX - New Auto,,03 - 30-59 DPD,04 - APAC,6695,413.55,446,16.61,23.85,130.76,5.46,2.36,2.01,4.88,2.3,0.89,0.52,2.67,0.78,0.08,0.87,0.53,62.46,48,41.29,21.55,,
Bank_61,457732,2025-02,IntAuto,1030401,XX - New Auto,,04 - 60-89 DPD,01 - Canada,1779,448.88,203,49.9,172.79,144.33,61.32,12.85,2.95,2.74,2.24,1.78,1.46,2.56,-0.0,0.027,0.81,0.58,162.47,64,16.85,14.9,,
Bank_62,360905,2025-02,IntAuto,1030402,XX - New Auto,,04 - 60-89 DPD,02 - EMEA,2901,104.09,403,37.2,196.71,157.97,76.03,5.43,5.2,3.68,1.9,1.49,0.59,2.8,0.0,0.074,0.54,0.81,61.25,41,29.81,14.54,,
Bank_63,309912,2025-02,IntAuto,1030403,XX - New Auto,,04 - 60-89 DPD,03 - LATAM,2571,367.36,144,14.88,92.0,91.04,20.56,12.23,6.94,2.9,4.13,1.71,0.22,5.62,0.0,0.016,0.83,0.74,173.14,68,38.68,15.02,,
Bank_64,255668,2025-02,IntAuto,1030404,XX - New Auto,,04 - 60-89 DPD,04 - APAC,7201,354.22,330,5.97,60.81,37.07,31.0,1.02,5.26,2.81,2.73,0.3,0.14,2.89,0.0,0.096,0.8,0.73,97.56,45,47.75,6.47,,
Bank_65,665210,2025-02,IntAuto,1030501,XX - New Auto,,05 - 90-119 DPD,01 - Canada,7077,301.48,207,6.22,68.62,168.12,82.71,3.93,2.57,3.44,4.81,1.48,0.18,6.11,-0.8,0.079,0.52,0.76,126.05,44,5.18,17.42,,
Bank_66,383658,2025-02,IntAuto,1030502,XX - New Auto,,05 - 90-119 DPD,02 - EMEA,3272,179.47,403,11.13,10.88,129.24,25.88,8.96,3.3,3.94,2.37,0.43,0.69,2.11,-0.0,0.067,0.73,0.66,299.56,21,33.13,6.9,,
Bank_67,313932,2025-02,IntAuto,1030503,XX - New Auto,,05 - 90-119 DPD,03 - LATAM,1347,122.47,461,20.52,137.33,183.59,59.68,6.59,5.45,2.38,2.25,0.32,0.88,1.69,0.0,0.014,0.83,0.59,209.47,50,18.9,10.59,,
Bank_68,782864,2025-02,IntAuto,1030504,XX - New Auto,,05 - 90-119 DPD,04 - APAC,5933,414.95,197,27.78,136.66,161.69,17.96,18.6,3.18,2.56,0.74,1.75,0.33,2.16,0.0,0.024,0.8,0.74,238.98,22,36.92,29.65,,
Bank_69,767682,2025-02,IntAuto,1030601,XX - New Auto,,06 - 120+ DPD,01 - Canada,6308,126.36,366,22.01,13.79,91.75,58.18,12.96,3.04,2.18,2.47,0.83,1.16,2.14,-0.0,0.088,0.71,0.67,165.24,37,25.03,18.65,,
Bank_70,938227,2025-02,IntAuto,1030602,XX - New Auto,,06 - 120+ DPD,02 - EMEA,3685,301.6,371,9.23,190.73,28.54,92.81,8.29,4.96,4.14,1.97,1.63,1.45,2.15,0.64,0.079,0.59,0.84,287.97,49,28.69,27.84,,
Bank_71,644416,2025-02,IntAuto,1030603,XX - New Auto,,06 - 120+ DPD,03 - LATAM,1875,223.22,194,14.17,41.69,41.06,50.39,9.98,8.25,1.13,1.06,1.38,0.64,1.8,0.0,0.016,0.76,0.84,101.09,15,10.06,12.61,,
Bank_72,162950,2025-02,IntAuto,1030604,XX - New Auto,,06 - 120+ DPD,04 - APAC,4918,248.01,409,40.72,158.87,79.24,9.11,1.27,7.34,2.84,2.11,0.93,0.85,2.19,0.0,0.086,0.76,0.62,77.97,65,43.02,17.92,,
Bank_73,920420,2025-02,IntAuto,2010101,XX - Used Auto,XX - 01 - <=620,01 - Current,01 - Canada,7070,161.1,436,26.18,35.73,165.03,67.69,16.01,2.34,1.49,0.55,0.29,1.02,-0.18,-0.0,0.039,0.88,0.56,76.27,40,39.75,2.23,,
Bank_74,881854,2025-02,IntAuto,2010102,XX - Used Auto,XX - 01 - <=620,01 - Current,02 - EMEA,1001,132.96,432,27.09,156.12,138.99,86.61,1.2,2.43,2.46,3.5,0.69,0.78,3.41,0.0,0.028,0.6,0.88,199.29,52,37.47,11.82,,
Bank_75,212277,2025-02,IntAuto,2010103,XX - Used Auto,XX - 01 - <=620,01 - Current,03 - LATAM,8128,184.9,302,39.56,20.32,198.81,62.09,13.02,4.11,4.56,3.13,0.35,1.35,2.13,-0.04,0.055,0.53,0.88,211.9,64,25.39,19.48,,
Bank_76,566208,2025-02,IntAuto,2010104,XX - Used Auto,XX - 01 - <=620,01 - Current,04 - APAC,6973,464.49,301,45.57,90.28,192.38,86.99,9.83,1.85,4.65,2.29,1.02,0.68,2.63,0.0,0.017,0.72,0.7,295.62,49,31.87,14.88,,
Bank_77,391905,2025-02,IntAuto,2010201,XX - Used Auto,XX - 01 - <=620,02 - 1-29 DPD,01 - Canada,6031,457.99,285,26.27,126.14,186.91,34.4,1.42,4.02,1.25,3.78,1.6,0.3,5.08,0.0,0.066,0.59,0.56,177.23,21,36.91,25.01,,
Bank_78,111097,2025-02,IntAuto,2010202,XX - Used Auto,XX - 01 - <=620,02 - 1-29 DPD,02 - EMEA,3337,169.31,287,37.56,133.98,143.96,97.73,17.26,8.34,1.22,4.63,0.25,1.43,3.45,0.0,0.034,0.79,0.54,295.13,45,16.3,18.77,,
Bank_79,561421,2025-02,IntAuto,2010203,XX - Used Auto,XX - 01 - <=620,02 - 1-29 DPD,03 - LATAM,9859,139.89,281,35.08,58.37,154.37,21.02,18.98,5.58,3.83,3.55,0.27,0.92,2.9,0.0,0.086,0.63,0.71,120.91,53,44.79,24.35,,
Bank_80,157305,2025-02,IntAuto,2010204,XX - Used Auto,XX - 01 - <=620,02 - 1-29 DPD,04 - APAC,1569,360.34,360,43.36,32.43,166.53,5.03,15.42,9.9,2.85,1.57,1.46,0.5,2.53,0.27,0.062,0.73,0.85,86.09,66,32.43,3.34,,
Bank_81,682217,2025-02,IntAuto,2010301,XX - Used Auto,XX - 01 - <=620,03 - 30-59 DPD,01 - Canada,4732,219.0,234,41.84,34.04,119.78,10.15,10.82,6.59,4.45,3.59,1.34,1.33,3.6,0.0,0.032,0.81,0.53,282.18,50,49.46,10.72,,
Bank_82,993526,2025-02,IntAuto,2010302,XX - Used Auto,XX - 01 - <=620,03 - 30-59 DPD,02 - EMEA,5934,83.37,428,28.61,157.47,55.47,53.68,18.38,7.11,4.17,1.19,0.77,0.86,1.1,0.0,0.094,0.78,0.82,67.31,51,26.99,15.46,,
Bank_83,463967,2025-02,IntAuto,2010303,XX - Used Auto,XX - 01 - <=620,03 - 30-59 DPD,03 - LATAM,6540,231.06,383,17.65,162.04,19.5,60.05,7.9,5.39,1.81,0.59,1.86,1.04,1.41,-0.0,0.087,0.89,0.59,99.38,12,9.64,27.12,,
Bank_84,274504,2025-02,IntAuto,2010304,XX - Used Auto,XX - 01 - <=620,03 - 30-59 DPD,04 - APAC,1310,97.68,147,18.67,153.19,49.57,63.75,5.25,2.97,3.41,4.24,1.78,1.33,4.69,0.0,0.074,0.79,0.74,127.76,61,45.31,25.13,,
Bank_85,953888,2025-02,IntAuto,2010401,XX - Used Auto,XX - 01 - <=620,04 - 60-89 DPD,01 - Canada,2814,62.2,177,27.16,59.31,27.96,67.19,13.7,2.8,1.97,3.44,0.56,1.36,2.64,0.88,0.022,0.58,0.7,216.85,30,6.19,3.21,,
Bank_86,196926,2025-02,IntAuto,2010402,XX - Used Auto,XX - 01 - <=620,04 - 60-89 DPD,02 - EMEA,1596,407.66,165,36.52,162.32,196.85,12.25,3.36,8.29,4.47,2.06,1.72,0.85,2.93,0.0,0.038,0.71,0.68,143.42,35,29.06,27.14,,
Bank_87,552952,2025-02,IntAuto,2010403,XX - Used Auto,XX - 01 - <=620,04 - 60-89 DPD,03 - LATAM,5091,329.28,328,27.72,178.74,150.6,42.74,2.9,5.53,3.19,3.6,1.8,1.4,4.0,0.0,0.093,0.64,0.67,288.96,71,25.35,26.55,,
Bank_88,427739,2025-02,IntAuto,2010404,XX - Used Auto,XX - 01 - <=620,04 - 60-89 DPD,04 - APAC,8441,152.83,350,41.47,176.88,12.46,85.95,17.0,8.2,2.6,1.84,0.56,1.01,1.39,-0.0,0.047,0.83,0.59,184.02,62,20.54,25.82,,
Bank_89,807762,2025-02,IntAuto,2010501,XX - Used Auto,XX - 01 - <=620,05 - 90-119 DPD,01 - Canada,7136,396.78,289,25.2,166.24,59.43,8.07,13.41,6.99,3.4,2.86,1.94,0.82,3.98,0.0,0.09,0.56,0.89,205.62,40,5.36,16.99,,
Bank_90,449062,2025-02,IntAuto,2010502,XX - Used Auto,XX - 01 - <=620,05 - 90-119 DPD,02 - EMEA,2468,270.55,96,39.12,49.73,28.67,37.82,4.44,4.64,4.78,3.22,0.11,0.88,2.45,-0.96,0.013,0.66,0.6,70.09,49,26.15,13.93,,
Bank_91,325276,2025-02,IntAuto,2010503,XX - Used Auto,XX - 01 - <=620,05 - 90-119 DPD,03 - LATAM,5722,351.53,78,16.67,129.25,148.71,65.63,4.78,5.43,3.37,2.99,1.4,0.45,3.94,-0.0,0.084,0.62,0.82,268.33,45,42.66,21.66,,
Bank_92,841915,2025-02,IntAuto,2010504,XX - Used Auto,XX - 01 - <=620,05 - 90-119 DPD,04 - APAC,7546,474.35,94,26.44,185.03,155.11,51.43,6.68,9.64,3.25,3.6,1.62,1.49,3.73,-0.0,0.09,0.75,0.71,104.9,43,24.21,13.76,,
Bank_93,925383,2025-02,IntAuto,2010601,XX - Used Auto,XX - 01 - <=620,06 - 120+ DPD,01 - Canada,2485,247.14,500,44.11,43.86,98.23,51.41,5.03,7.02,3.02,4.56,1.56,0.42,5.7,0.0,0.051,0.64,0.57,287.52,42,49.12,19.78,,
Bank_94,548707,2025-02,IntAuto,2010602,XX - Used Auto,XX - 01 - <=620,06 - 120+ DPD,02 - EMEA,3160,483.27,311,33.53,149.78,165.82,74.17,17.76,9.09,0.74,4.19,1.04,0.56,4.67,0.0,0.041,0.67,0.82,182.61,18,48.45,4.45,,
Bank_95,829330,2025-02,IntAuto,2010603,XX - Used Auto,XX - 01 - <=620,06 - 120+ DPD,03 - LATAM,6640,435.66,271,24.45,37.44,42.45,59.34,3.21,3.15,1.63,2.28,0.35,0.22,2.41,-0.35,0.038,0.75,0.6,238.16,32,16.82,14.54,,
Bank_96,490236,2025-02,IntAuto,2010604,XX - Used Auto,XX - 01 - <=620,06 - 120+ DPD,04 - APAC,5270,399.98,495,7.12,148.27,172.71,98.26,2.46,5.16,3.5,2.42,0.88,0.37,2.93,0.0,0.082,0.83,0.77,110.65,49,19.33,12.12,,
Bank_97,701554,2025-02,IntAuto,2020101,XX - Used Auto,XX - 02 - >620,01 - Current,01 - Canada,7985,366.2,368,40.2,14.73,40.15,69.77,13.36,4.18,0.89,4.32,1.83,0.58,5.57,0.0,0.05,0.88,0.52,120.11,36,20.33,29.16,,
Bank_98,555943,2025-02,IntAuto,2020102,XX - Used Auto,XX - 02 - >620,01 - Current,02 - EMEA,4870,389.44,370,27.94,158.82,71.78,48.28,18.58,2.59,4.65,4.85,1.46,1.24,5.07,0.0,0.071,0.69,0.5,252.67,63,29.62,14.61,,
Bank_99,472388,2025-02,IntAuto,2020103,XX - Used Auto,XX - 02 - >620,01 - Current,03 - LATAM,1329,442.84,188,44.16,48.66,115.18,8.8,9.67,5.93,0.93,2.9,1.38,0.67,3.61,0.0,0.039,0.59,0.78,110.89,17,31.1,8.14,,
Bank_100,875624,2025-02,IntAuto,2020104,XX - Used Auto,XX - 02 - >620,01 - Current,04 - APAC,3685,169.1,330,37.22,143.69,189.62,27.74,2.87,4.41,4.26,3.58,1.24,1.22,3.6,0.58,0.057,0.67,0.78,50.38,60,35.32,4.14,,
Bank_101,358421,2025-02,IntAuto,2020201,XX - Used Auto,XX - 02 - >620,02 - 1-29 DPD,01 - Canada,5996,150.91,441,8.32,109.68,40.88,39.12,11.5,4.93,0.51,1.77,1.72,0.73,2.76,-0.0,0.09,0.78,0.88,110.74,53,19.98,20.0,,
Bank_102,421125,2025-02,IntAuto,2020202,XX - Used Auto,XX - 02 - >620,02 - 1-29 DPD,02 - EMEA,1354,63.64,344,15.3,78.02,12.31,28.75,9.23,6.42,0.68,3.63,1.56,1.39,3.8,0.0,0.079,0.62,0.51,67.55,68,14.12,8.19,,
Bank_103,564711,2025-02,IntAuto,2020203,XX - Used Auto,XX - 02 - >620,02 - 1-29 DPD,03 - LATAM,2352,338.15,140,22.8,112.96,55.03,61.79,16.07,9.01,4.03,4.21,0.7,1.17,3.74,0.0,0.087,0.73,0.56,144.73,15,8.58,28.5,,
Bank_104,486981,2025-02,IntAuto,2020204,XX - Used Auto,XX - 02 - >620,02 - 1-29 DPD,04 - APAC,8991,468.41,155,30.12,180.67,91.26,90.43,12.71,3.66,4.16,1.2,0.87,1.47,0.6,0.0,0.017,0.78,0.82,232.26,23,40.98,11.92,,
Bank_105,748347,2025-02,IntAuto,2020301,XX - Used Auto,XX - 02 - >620,03 - 30-59 DPD,01 - Canada,7303,54.41,267,40.81,26.34,32.04,52.61,1.02,6.43,2.77,4.71,1.11,1.1,4.72,-0.11,0.061,0.82,0.77,233.96,67,5.6,3.14,,
Bank_106,558410,2025-02,IntAuto,2020302,XX - Used Auto,XX - 02 - >620,03 - 30-59 DPD,02 - EMEA,7088,448.98,295,25.24,60.73,89.54,80.92,7.95,2.63,1.46,4.8,0.55,1.37,3.98,0.0,0.092,0.77,0.54,75.01,33,44.4,29.47,,
Bank_107,444240,2025-02,IntAuto,2020303,XX - Used Auto,XX - 02 - >620,03 - 30-59 DPD,03 - LATAM,7167,416.21,103,17.31,26.54,24.34,57.7,6.23,5.85,3.54,4.91,0.61,0.93,4.59,-0.0,0.029,0.79,0.71,221.98,36,23.01,4.79,,
Bank_108,951929,2025-02,IntAuto,2020304,XX - Used Auto,XX - 02 - >620,03 - 30-59 DPD,04 - APAC,7217,219.73,124,38.41,24.09,98.84,16.45,6.02,2.19,2.22,0.66,1.59,1.09,1.16,0.0,0.078,0.7,0.76,198.65,65,27.28,9.45,,
Bank_109,818228,2025-02,IntAuto,2020401,XX - Used Auto,XX - 02 - >620,04 - 60-89 DPD,01 - Canada,4219,226.74,223,15.11,68.51,111.16,39.24,12.52,4.48,3.17,2.5,1.06,1.26,2.3,0.0,0.065,0.86,0.78,146.01,29,32.76,10.76,,
Bank_110,346687,2025-02,IntAuto,2020402,XX - Used Auto,XX - 02 - >620,04 - 60-89 DPD,02 - EMEA,2009,360.27,428,45.0,57.19,21.05,15.49,17.07,8.46,4.58,0.81,0.71,0.5,1.02,-0.54,0.041,0.74,0.82,98.96,58,30.96,22.25,,
Bank_111,211307,2025-02,IntAuto,2020403,XX - Used Auto,XX - 02 - >620,04 - 60-89 DPD,03 - LATAM,6908,397.31,259,20.78,148.29,183.78,7.72,8.77,4.1,4.23,3.44,1.66,0.7,4.4,0.0,0.034,0.56,0.69,296.4,24,27.73,18.26,,
Bank_112,856342,2025-02,IntAuto,2020404,XX - Used Auto,XX - 02 - >620,04 - 60-89 DPD,04 - APAC,6769,119.66,103,30.48,22.79,17.53,89.54,13.26,7.91,1.01,3.07,0.56,0.99,2.64,0.0,0.038,0.64,0.62,283.82,57,5.19,9.39,,
Bank_113,652036,2025-02,IntAuto,2020501,XX - Used Auto,XX - 02 - >620,05 - 90-119 DPD,01 - Canada,9531,56.56,127,47.82,49.27,166.66,31.51,18.92,2.04,0.61,4.77,0.79,0.46,5.1,0.0,0.038,0.88,0.82,59.58,12,39.21,20.36,,
Bank_114,306767,2025-02,IntAuto,2020502,XX - Used Auto,XX - 02 - >620,05 - 90-119 DPD,02 - EMEA,2101,312.67,67,29.52,83.78,37.46,39.46,8.76,1.28,4.61,3.15,1.55,0.11,4.59,0.0,0.057,0.75,0.56,263.56,36,14.02,10.31,,
Bank_115,226108,2025-02,IntAuto,2020503,XX - Used Auto,XX - 02 - >620,05 - 90-119 DPD,03 - LATAM,9664,173.98,58,16.11,168.7,70.32,90.41,12.8,9.79,4.26,4.05,0.14,0.9,3.29,-0.67,0.067,0.7,0.86,203.18,56,28.09,11.07,,
Bank_116,734507,2025-02,IntAuto,2020504,XX - Used Auto,XX - 02 - >620,05 - 90-119 DPD,04 - APAC,7735,65.5,396,33.54,148.54,56.53,69.77,5.56,7.78,4.17,2.49,0.88,0.85,2.52,0.0,0.093,0.6,0.87,146.03,19,14.23,5.75,,
Bank_117,172299,2025-02,IntAuto,2020601,XX - Used Auto,XX - 02 - >620,06 - 120+ DPD,01 - Canada,4741,266.4,228,24.6,92.23,140.55,74.57,7.65,2.09,4.01,2.37,1.57,0.16,3.78,-0.0,0.093,0.71,0.82,198.2,62,33.73,25.4,,
Bank_118,570061,2025-02,IntAuto,2020602,XX - Used Auto,XX - 02 - >620,06 - 120+ DPD,02 - EMEA,4081,468.77,217,39.4,13.86,93.9,65.15,14.59,7.15,2.76,1.37,0.66,0.61,1.42,-0.0,0.053,0.74,0.61,95.14,62,44.13,18.9,,
Bank_119,663963,2025-02,IntAuto,2020603,XX - Used Auto,XX - 02 - >620,06 - 120+ DPD,03 - LATAM,6615,313.45,491,30.08,47.25,147.24,90.18,5.9,7.45,1.7,1.77,1.24,0.93,2.08,0.0,0.051,0.85,0.85,141.86,57,16.38,20.22,,
Bank_120,514603,2025-02,IntAuto,2020604,XX - Used Auto,XX - 02 - >620,06 - 120+ DPD,04 - APAC,5449,332.04,140,32.53,164.7,174.73,17.82,3.12,3.04,3.81,0.97,0.16,1.44,-0.31,-0.36,0.049,0.73,0.63,283.81,52,35.17,24.33,,
Bank_121,517122,2025-02,IntAuto,2030101,XX - Used Auto,,01 - Current,01 - Canada,4688,60.89,386,34.69,98.97,15.52,18.75,1.62,2.25,2.24,0.98,0.89,0.79,1.08,0.0,0.052,0.61,0.7,262.79,70,41.81,11.09,,
Bank_122,197959,2025-02,IntAuto,2030102,XX - Used Auto,,01 - Current,02 - EMEA,1634,298.08,448,10.88,28.99,172.01,79.45,16.17,8.96,2.46,1.91,1.7,0.82,2.79,0.0,0.079,0.81,0.57,73.19,53,6.58,28.74,,
Bank_123,895358,2025-02,IntAuto,2030103,XX - Used Auto,,01 - Current,03 - LATAM,6471,481.22,448,6.43,151.68,174.27,72.19,14.01,2.18,3.24,4.73,0.16,0.26,4.63,-0.0,0.072,0.89,0.54,223.35,52,7.6,14.59,,
Bank_124,252252,2025-02,IntAuto,2030104,XX - Used Auto,,01 - Current,04 - APAC,9898,426.58,365,10.33,180.32,24.53,16.53,16.18,1.7,1.12,2.7,1.2,1.5,2.4,-0.0,0.08,0.63,0.86,85.25,15,21.04,7.97,,
Bank_125,718695,2025-02,IntAuto,2030201,XX - Used Auto,,02 - 1-29 DPD,01 - Canada,4816,279.86,350,12.65,23.81,155.27,16.24,7.35,1.12,1.41,3.98,0.46,1.4,3.04,-0.01,0.07,0.85,0.56,84.98,67,17.59,6.01,,
Bank_126,686653,2025-02,IntAuto,2030202,XX - Used Auto,,02 - 1-29 DPD,02 - EMEA,8721,490.47,130,37.12,105.42,193.89,44.71,7.29,9.69,4.46,2.89,1.35,1.12,3.12,0.0,0.014,0.7,0.59,262.04,46,24.1,12.34,,
Bank_127,737001,2025-02,IntAuto,2030203,XX - Used Auto,,02 - 1-29 DPD,03 - LATAM,7358,297.25,114,43.51,75.28,11.13,68.5,16.76,7.02,1.4,2.37,1.3,0.4,3.27,0.0,0.037,0.86,0.65,96.7,62,21.2,2.2,,
Bank_128,913729,2025-02,IntAuto,2030204,XX - Used Auto,,02 - 1-29 DPD,04 - APAC,2162,470.88,495,49.26,142.15,117.09,15.68,13.68,5.89,2.19,2.08,0.75,0.69,2.14,0.0,0.079,0.5,0.64,260.8,19,46.47,6.38,,
Bank_129,112765,2025-02,IntAuto,2030301,XX - Used Auto,,03 - 30-59 DPD,01 - Canada,1736,317.89,223,17.23,27.48,21.92,57.76,14.58,9.25,0.61,0.83,1.35,1.47,0.71,-0.0,0.085,0.82,0.77,264.62,54,34.24,12.56,,
Bank_130,733369,2025-02,IntAuto,2030302,XX - Used Auto,,03 - 30-59 DPD,02 - EMEA,7876,172.83,195,11.79,118.91,94.44,6.48,14.75,1.14,2.44,2.43,0.62,0.7,2.35,-0.11,0.071,0.78,0.78,83.27,67,5.7,24.18,,
Bank_131,476875,2025-02,IntAuto,2030303,XX - Used Auto,,03 - 30-59 DPD,03 - LATAM,9162,424.11,218,49.71,117.5,103.1,77.32,10.53,3.13,2.76,0.77,0.17,0.44,0.5,0.0,0.067,0.53,0.67,294.21,28,16.98,18.53,,
Bank_132,921821,2025-02,IntAuto,2030304,XX - Used Auto,,03 - 30-59 DPD,04 - APAC,9180,361.09,478,23.22,131.83,125.2,52.26,8.42,2.33,3.64,1.06,1.48,1.48,1.06,0.0,0.091,0.57,0.79,286.2,28,33.8,27.99,,
Bank_133,645900,2025-02,IntAuto,2030401,XX - Used Auto,,04 - 60-89 DPD,01 - Canada,7356,264.37,364,32.62,142.05,174.43,87.92,3.15,3.97,2.75,3.64,1.54,0.55,4.63,0.0,0.089,0.62,0.72,214.52,41,24.01,4.23,,
Bank_134,948458,2025-02,IntAuto,2030402,XX - Used Auto,,04 - 60-89 DPD,02 - EMEA,7448,425.54,104,49.55,19.34,119.92,22.57,1.77,8.36,3.43,4.82,1.2,1.06,4.96,-0.0,0.057,0.71,0.7,193.41,48,11.08,13.24,,
Bank_135,903132,2025-02,IntAuto,2030403,XX - Used Auto,,04 - 60-89 DPD,03 - LATAM,3275,194.53,320,40.27,24.86,122.93,8.31,14.65,3.35,4.07,4.23,1.94,0.41,5.76,0.41,0.04,0.65,0.64,229.35,44,42.26,23.52,,
Bank_136,555025,2025-02,IntAuto,2030404,XX - Used Auto,,04 - 60-89 DPD,04 - APAC,3342,165.64,161,5.47,170.84,33.67,69.7,11.51,6.31,2.13,3.97,0.17,0.14,4.0,-0.0,0.068,0.5,0.73,248.96,70,31.33,2.47,,
Bank_137,355589,2025-02,IntAuto,2030501,XX - Used Auto,,05 - 90-119 DPD,01 - Canada,5077,200.07,260,44.65,30.39,77.67,36.48,16.26,3.07,4.79,3.91,0.96,0.41,4.46,0.0,0.075,0.88,0.55,116.28,35,15.39,11.12,,
Bank_138,600908,2025-02,IntAuto,2030502,XX - Used Auto,,05 - 90-119 DPD,02 - EMEA,7570,436.81,295,22.89,119.43,81.84,97.34,7.99,2.64,3.11,0.64,1.38,1.4,0.62,-0.0,0.074,0.73,0.73,181.79,71,14.66,2.52,,
Bank_139,235844,2025-02,IntAuto,2030503,XX - Used Auto,,05 - 90-119 DPD,03 - LATAM,5826,458.42,218,32.83,149.73,41.32,69.39,18.64,7.16,2.69,3.17,1.56,0.37,4.36,0.0,0.058,0.86,0.62,59.33,68,6.17,20.06,,
Bank_140,185559,2025-02,IntAuto,2030504,XX - Used Auto,,05 - 90-119 DPD,04 - APAC,4187,137.84,292,49.72,20.51,50.26,5.02,10.61,9.61,2.11,4.18,0.74,0.69,4.23,-0.82,0.071,0.84,0.64,52.27,49,41.68,13.46,,
Bank_141,356006,2025-02,IntAuto,2030601,XX - Used Auto,,06 - 120+ DPD,01 - Canada,3670,171.27,114,31.73,56.96,186.88,83.98,5.8,6.87,2.96,1.97,1.89,1.12,2.74,0.0,0.091,0.59,0.63,224.6,21,43.49,2.49,,
Bank_142,170732,2025-02,IntAuto,2030602,XX - Used Auto,,06 - 120+ DPD,02 - EMEA,9141,156.08,242,43.9,145.03,40.43,49.87,14.52,8.53,3.02,1.48,0.73,0.62,1.59,0.0,0.092,0.56,0.68,273.13,43,5.44,24.96,,
Bank_143,720762,2025-02,IntAuto,2030603,XX - Used Auto,,06 - 120+ DPD,03 - LATAM,2242,374.09,298,40.59,154.15,170.23,28.23,6.8,7.87,3.91,3.5,0.53,0.88,3.15,-0.0,0.03,0.86,0.6,201.22,25,41.43,12.51,,
Bank_144,129671,2025-02,IntAuto,2030604,XX - Used Auto,,06 - 120+ DPD,04 - APAC,8953,396.38,120,30.44,69.46,68.87,94.69,1.16,7.74,1.85,3.36,1.92,0.98,4.3,0.0,0.022,0.7,0.88,108.4,26,6.75,4.65,,
Bank_145,256458,2025-02,IntAuto,3010101,XX - Auto Lease,XX - 01 - <=620,01 - Current,01 - Canada,1366,482.49,358,9.82,182.35,166.39,32.09,5.31,3.8,1.68,4.95,1.87,0.61,6.21,0.73,0.054,0.88,0.68,116.78,22,30.83,10.77,107.83,99.29
Bank_146,129635,2025-02,IntAuto,3010102,XX - Auto Lease,XX - 01 - <=620,01 - Current,02 - EMEA,5811,128.48,280,34.86,104.15,75.4,54.24,11.9,4.61,4.02,2.85,1.55,0.22,4.18,-0.0,0.048,0.6,0.68,241.99,61,8.47,23.43,125.56,67.85
Bank_147,297755,2025-02,IntAuto,3010103,XX - Auto Lease,XX - 01 - <=620,01 - Current,03 - LATAM,3119,86.51,392,8.06,90.83,117.04,41.42,13.24,8.76,4.34,2.17,0.8,0.32,2.65,0.0,0.064,0.87,0.86,81.73,52,37.42,3.23,60.82,39.66
Bank_148,108028,2025-02,IntAuto,3010104,XX - Auto Lease,XX - 01 - <=620,01 - Current,04 - APAC,1584,415.99,62,32.26,108.52,25.11,63.6,9.77,6.03,1.74,2.32,1.45,0.87,2.9,0.0,0.033,0.66,0.71,199.28,48,33.32,18.12,116.36,122.56
Bank_149,735243,2025-02,IntAuto,3010201,XX - Auto Lease,XX - 01 - <=620,02 - 1-29 DPD,01 - Canada,2619,484.79,164,7.67,184.03,37.04,15.04,3.62,3.16,2.44,1.31,1.64,0.64,2.31,0.0,0.037,0.59,0.57,125.16,61,25.41,24.47,150.46,50.41
Bank_150,512625,2025-02,IntAuto,3010202,XX - Auto Lease,XX - 01 - <=620,02 - 1-29 DPD,02 - EMEA,9015,262.22,80,34.15,38.22,37.63,22.9,7.15,6.69,4.19,2.26,1.68,0.93,3.01,0.98,0.06,0.66,0.76,194.59,25,45.61,2.58,79.75,126.81
Bank_151,597531,2025-02,IntAuto,3010203,XX - Auto Lease,XX - 01 - <=620,02 - 1-29 DPD,03 - LATAM,6581,436.15,435,11.84,92.05,141.36,40.51,5.37,9.0,3.49,2.18,0.32,0.49,2.01,0.0,0.034,0.88,0.66,202.74,44,22.61,12.25,134.2,134.45
Bank_152,392703,2025-02,IntAuto,3010204,XX - Auto Lease,XX - 01 - <=620,02 - 1-29 DPD,04 - APAC,9230,165.65,235,37.65,101.84,114.88,24.75,6.36,5.58,1.62,1.57,0.79,0.29,2.07,-0.0,0.047,0.73,0.59,138.08,62,30.75,24.83,90.26,32.33
Bank_153,780189,2025-02,IntAuto,3010301,XX - Auto Lease,XX - 01 - <=620,03 - 30-59 DPD,01 - Canada,6954,366.13,490,38.63,133.25,74.57,7.88,6.78,4.25,3.02,1.58,1.06,0.61,2.03,-0.0,0.021,0.83,0.72,186.5,17,9.58,3.08,182.07,147.33
Bank_154,582950,2025-02,IntAuto,3010302,XX - Auto Lease,XX - 01 - <=620,03 - 30-59 DPD,02 - EMEA,2572,353.65,498,40.53,90.26,12.88,77.73,8.1,9.85,3.95,3.47,1.18,1.24,3.41,0.0,0.017,0.87,0.6,167.48,12,11.67,19.12,82.35,30.99
Bank_155,122679,2025-02,IntAuto,3010303,XX - Auto Lease,XX - 01 - <=620,03 - 30-59 DPD,03 - LATAM,7622,102.42,344,9.15,64.08,92.56,16.33,13.56,4.02,2.76,0.91,0.91,1.19,0.63,0.32,0.046,0.68,0.87,63.37,46,33.6,11.28,74.26,73.94
Bank_156,600633,2025-02,IntAuto,3010304,XX - Auto Lease,XX - 01 - <=620,03 - 30-59 DPD,04 - APAC,7040,154.13,344,27.21,157.8,114.37,18.45,7.86,1.6,1.33,1.41,1.99,0.11,3.29,0.0,0.1,0.56,0.52,271.65,61,47.37,24.31,198.65,31.9
Bank_157,296358,2025-02,IntAuto,3010401,XX - Auto Lease,XX - 01 - <=620,04 - 60-89 DPD,01 - Canada,4260,335.83,436,24.27,48.99,74.07,35.0,18.19,2.5,4.12,3.58,0.96,0.74,3.8,0.0,0.028,0.86,0.5,196.78,42,39.63,17.87,120.27,117.28
Bank_158,531967,2025-02,IntAuto,3010402,XX - Auto Lease,XX - 01 - <=620,04 - 60-89 DPD,02 - EMEA,5169,124.2,103,36.71,139.44,103.5,85.7,3.36,7.44,0.76,4.77,0.28,0.3,4.75,0.0,0.011,0.81,0.87,76.11,14,49.8,24.94,104.77,52.71
Bank_159,433699,2025-02,IntAuto,3010403,XX - Auto Lease,XX - 01 - <=620,04 - 60-89 DPD,03 - LATAM,9598,377.86,196,43.37,166.02,35.36,74.96,12.19,7.21,1.35,4.35,0.24,0.25,4.34,0.0,0.062,0.77,0.85,241.47,21,24.09,24.71,96.06,109.17
Bank_160,129627,2025-02,IntAuto,3010404,XX - Auto Lease,XX - 01 - <=620,04 - 60-89 DPD,04 - APAC,6529,94.01,59,44.47,64.09,59.69,31.88,18.27,6.29,4.67,3.76,1.33,1.16,3.93,-0.46,0.04,0.5,0.8,128.74,55,33.94,4.12,62.44,72.3
Bank_161,986576,2025-02,IntAuto,3010501,XX - Auto Lease,XX - 01 - <=620,05 - 90-119 DPD,01 - Canada,5253,51.28,268,10.38,80.85,153.57,57.57,12.67,1.48,1.12,3.49,0.18,1.04,2.63,-0.0,0.063,0.57,0.76,164.99,28,41.85,26.78,52.08,135.95
Bank_162,179467,2025-02,IntAuto,3010502,XX - Auto Lease,XX - 01 - <=620,05 - 90-119 DPD,02 - EMEA,7261,370.14,239,48.56,106.23,108.7,12.76,15.59,2.94,3.13,2.2,0.21,1.18,1.23,-0.0,0.012,0.62,0.66,215.01,58,46.03,20.89,95.92,119.45
Bank_163,827173,2025-02,IntAuto,3010503,XX - Auto Lease,XX - 01 - <=620,05 - 90-119 DPD,03 - LATAM,3152,399.92,202,27.42,94.01,104.71,47.58,16.95,1.19,3.32,1.31,0.56,0.99,0.88,-0.0,0.071,0.52,0.59,230.64,25,16.73,8.84,139.91,80.82
Bank_164,351517,2025-02,IntAuto,3010504,XX - Auto Lease,XX - 01 - <=620,05 - 90-119 DPD,04 - APAC,1685,365.79,92,31.91,85.26,76.79,30.78,8.59,5.87,2.61,2.0,1.21,1.2,2.01,0.0,0.028,0.83,0.64,287.08,42,45.08,25.54,192.81,36.36
Bank_165,398075,2025-02,IntAuto,3010601,XX - Auto Lease,XX - 01 - <=620,06 - 120+ DPD,01 - Canada,9591,323.58,237,11.85,163.68,133.13,96.68,14.74,5.18,4.18,2.72,0.24,0.24,2.72,-0.81,0.041,0.61,0.54,183.54,24,10.73,15.57,78.66,33.05
Bank_166,657120,2025-02,IntAuto,3010602,XX - Auto Lease,XX - 01 - <=620,06 - 120+ DPD,02 - EMEA,1696,387.8,367,35.93,195.31,115.25,78.47,16.9,2.32,2.31,3.74,1.26,1.15,3.85,0.0,0.064,0.81,0.76,110.29,46,13.47,26.74,76.04,52.29
Bank_167,669675,2025-02,IntAuto,3010603,XX - Auto Lease,XX - 01 - <=620,06 - 120+ DPD,03 - LATAM,8828,176.01,203,35.61,148.49,15.53,18.1,2.84,7.39,2.05,3.42,0.83,0.46,3.79,0.0,0.026,0.83,0.83,95.33,26,14.18,2.38,181.85,138.84
Bank_168,660157,2025-02,IntAuto,3010604,XX - Auto Lease,XX - 01 - <=620,06 - 120+ DPD,04 - APAC,9039,281.37,154,32.91,38.09,170.81,41.68,9.53,2.14,2.48,1.37,0.84,0.69,1.52,0.0,0.023,0.63,0.57,249.18,46,27.16,19.12,81.56,57.73
Bank_169,832342,2025-02,IntAuto,3020101,XX - Auto Lease,XX - 02 - >620,01 - Current,01 - Canada,5514,80.32,452,18.83,198.12,73.88,60.78,9.64,5.97,4.3,3.7,1.41,0.55,4.56,-0.0,0.078,0.83,0.66,110.21,39,24.18,17.54,70.03,70.25
Bank_170,564459,2025-02,IntAuto,3020102,XX - Auto Lease,XX - 02 - >620,01 - Current,02 - EMEA,7629,186.73,290,12.09,135.28,58.61,95.83,9.22,4.95,2.69,1.83,0.71,0.3,2.24,-0.9,0.052,0.77,0.89,71.19,17,23.14,3.18,55.42,33.51
Bank_171,161081,2025-02,IntAuto,3020103,XX - Auto Lease,XX - 02 - >620,01 - Current,03 - LATAM,1575,160.78,298,30.87,107.38,32.44,93.76,4.78,9.58,1.35,1.25,1.89,0.94,2.2,0.0,0.013,0.53,0.81,159.38,54,8.41,29.95,106.01,85.93
Bank_172,274531,2025-02,IntAuto,3020104,XX - Auto Lease,XX - 02 - >620,01 - Current,04 - APAC,1259,269.79,87,25.48,100.39,34.22,84.86,17.58,3.4,2.56,4.17,1.33,0.53,4.97,0.0,0.024,0.56,0.7,208.04,47,38.46,7.05,118.33,75.79
Bank_173,865997,2025-02,IntAuto,3020201,XX - Auto Lease,XX - 02 - >620,02 - 1-29 DPD,01 - Canada,9341,297.74,121,14.87,51.16,14.22,38.64,14.15,5.65,4.14,2.48,0.95,1.3,2.13,0.0,0.026,0.59,0.67,296.34,51,16.62,9.92,176.94,149.68
Bank_174,247295,2025-02,IntAuto,3020202,XX - Auto Lease,XX - 02 - >620,02 - 1-29 DPD,02 - EMEA,8861,439.31,123,46.69,31.79,193.22,10.38,12.48,9.29,2.64,2.59,0.37,0.73,2.23,0.0,0.064,0.89,0.83,109.19,36,40.93,24.81,82.17,111.13
Bank_175,310392,2025-02,IntAuto,3020203,XX - Auto Lease,XX - 02 - >620,02 - 1-29 DPD,03 - LATAM,2564,285.97,418,29.67,51.06,46.98,57.94,6.31,6.52,3.4,3.89,0.86,1.23,3.52,0.43,0.013,0.59,0.85,124.98,51,34.83,19.85,176.12,102.25
Bank_176,953864,2025-02,IntAuto,3020204,XX - Auto Lease,XX - 02 - >620,02 - 1-29 DPD,04 - APAC,3284,343.55,383,11.27,24.1,135.79,78.67,9.63,9.13,2.82,1.7,1.13,1.27,1.56,0.0,0.03,0.68,0.89,60.8,22,28.08,23.52,97.78,89.86
Bank_177,509457,2025-02,IntAuto,3020301,XX - Auto Lease,XX - 02 - >620,03 - 30-59 DPD,01 - Canada,1381,209.88,80,40.97,33.64,96.79,72.23,19.89,3.7,4.84,0.78,1.44,0.53,1.69,0.0,0.092,0.54,0.61,245.83,41,8.34,17.01,167.83,65.23
Bank_178,135738,2025-02,IntAuto,3020302,XX - Auto Lease,XX - 02 - >620,03 - 30-59 DPD,02 - EMEA,7925,177.36,492,39.12,190.38,44.28,92.37,1.99,9.29,1.73,1.84,1.33,0.94,2.23,0.0,0.022,0.69,0.57,82.57,28,21.81,14.52,179.32,67.77
Bank_179,266931,2025-02,IntAuto,3020303,XX - Auto Lease,XX - 02 - >620,03 - 30-59 DPD,03 - LATAM,5624,323.88,452,37.68,33.35,177.9,58.61,10.4,2.82,3.67,1.57,1.85,1.06,2.36,0.0,0.077,0.76,0.84,188.94,52,45.47,9.45,148.31,65.15
Bank_180,533776,2025-02,IntAuto,3020304,XX - Auto Lease,XX - 02 - >620,03 - 30-59 DPD,04 - APAC,2896,256.27,79,12.8,61.83,155.78,41.05,6.59,9.63,2.12,1.41,1.15,0.73,1.83,0.82,0.068,0.61,0.72,229.5,54,25.44,11.99,113.1,138.51
Bank_181,432077,2025-02,IntAuto,3020401,XX - Auto Lease,XX - 02 - >620,04 - 60-89 DPD,01 - Canada,7379,141.81,311,42.27,168.96,132.02,36.86,12.55,4.5,3.11,1.58,1.75,0.75,2.58,0.0,0.043,0.83,0.79,143.59,70,17.5,18.08,138.0,70.67
Bank_182,596768,2025-02,IntAuto,3020402,XX - Auto Lease,XX - 02 - >620,04 - 60-89 DPD,02 - EMEA,4737,342.09,392,27.28,30.32,146.17,81.88,3.92,2.26,3.43,1.3,1.38,1.44,1.24,0.0,0.056,0.59,0.63,255.18,54,33.69,7.2,176.12,103.79
Bank_183,872559,2025-02,IntAuto,3020403,XX - Auto Lease,XX - 02 - >620,04 - 60-89 DPD,03 - LATAM,1511,249.79,332,23.43,109.38,91.92,28.79,12.87,8.73,2.22,2.06,0.59,0.89,1.76,0.0,0.013,0.81,0.8,164.07,71,5.61,20.14,88.31,82.45
Bank_184,106485,2025-02,IntAuto,3020404,XX - Auto Lease,XX - 02 - >620,04 - 60-89 DPD,04 - APAC,9294,188.09,255,5.06,187.3,120.01,82.12,8.62,3.99,4.2,1.56,0.24,0.64,1.16,-0.0,0.028,0.74,0.87,61.23,63,32.02,9.16,133.96,119.4
Bank_185,307716,2025-02,IntAuto,3020501,XX - Auto Lease,XX - 02 - >620,05 - 90-119 DPD,01 - Canada,2861,221.27,186,24.34,63.5,165.16,70.13,17.82,3.6,2.85,2.4,1.65,1.11,2.94,0.98,0.026,0.51,0.66,294.7,58,6.96,11.08,70.88,77.6
Bank_186,128318,2025-02,IntAuto,3020502,XX - Auto Lease,XX - 02 - >620,05 - 90-119 DPD,02 - EMEA,7634,381.38,475,20.57,82.59,107.88,92.32,16.55,3.69,3.3,1.28,0.96,1.15,1.09,-0.0,0.066,0.85,0.6,151.12,28,34.8,10.12,186.24,70.15
Bank_187,179826,2025-02,IntAuto,3020503,XX - Auto Lease,XX - 02 - >620,05 - 90-119 DPD,03 - LATAM,4863,246.96,225,36.28,172.33,110.06,67.22,8.77,8.99,4.71,2.16,1.04,1.35,1.85,0.0,0.09,0.6,0.86,82.16,30,27.17,7.82,76.96,98.6
Bank_188,304728,2025-02,IntAuto,3020504,XX - Auto Lease,XX - 02 - >620,05 - 90-119 DPD,04 - APAC,2994,482.72,183,37.94,76.27,112.09,55.59,6.85,1.89,4.72,4.39,1.61,1.14,4.86,0.0,0.087,0.72,0.69,124.08,22,35.2,6.36,147.28,79.05
Bank_189,337934,2025-02,IntAuto,3020601,XX - Auto Lease,XX - 02 - >620,06 - 120+ DPD,01 - Canada,9394,353.53,210,8.14,41.0,63.26,59.72,17.13,7.79,1.47,3.18,1.51,1.47,3.22,-0.0,0.08,0.69,0.76,127.55,14,24.72,13.55,125.28,131.97
Bank_190,604328,2025-02,IntAuto,3020602,XX - Auto Lease,XX - 02 - >620,06 - 120+ DPD,02 - EMEA,3886,60.05,351,26.08,159.74,172.83,63.85,10.99,5.88,2.38,2.7,0.81,0.57,2.94,-0.1,0.011,0.57,0.88,151.85,32,47.74,8.47,111.51,55.28
Bank_191,665858,2025-02,IntAuto,3020603,XX - Auto Lease,XX - 02 - >620,06 - 120+ DPD,03 - LATAM,3660,153.43,290,17.08,70.41,72.37,84.19,11.87,2.85,4.82,1.44,1.98,0.37,3.05,0.0,0.09,0.72,0.82,190.36,25,43.06,16.99,74.56,117.11
Bank_192,809921,2025-02,IntAuto,3020604,XX - Auto Lease,XX - 02 - >620,06 - 120+ DPD,04 - APAC,9323,365.51,417,41.0,199.67,126.91,20.06,4.55,3.89,1.43,4.3,1.11,1.25,4.16,0.0,0.06,0.59,0.71,65.3,18,30.37,21.57,155.05,96.34
Bank_193,367472,2025-02,IntAuto,3030101,XX - Auto Lease,,01 - Current,01 - Canada,4172,62.05,126,18.98,94.53,138.44,24.71,15.1,8.05,2.76,1.17,1.92,0.63,2.46,0.0,0.042,0.66,0.51,103.62,28,40.62,15.15,75.2,118.02
Bank_194,784306,2025-02,IntAuto,3030102,XX - Auto Lease,,01 - Current,02 - EMEA,6033,395.2,169,9.35,37.97,177.73,69.06,7.5,8.15,1.31,4.94,0.24,0.22,4.96,-0.0,0.04,0.79,0.66,98.99,21,6.32,10.3,150.71,146.95
Bank_195,300816,2025-02,IntAuto,3030103,XX - Auto Lease,,01 - Current,03 - LATAM,3333,156.61,277,9.38,103.6,73.58,95.4,4.54,6.15,4.34,3.36,0.31,0.12,3.55,0.14,0.027,0.66,0.55,71.91,42,47.67,25.42,111.11,83.25
Bank_196,424676,2025-02,IntAuto,3030104,XX - Auto Lease,,01 - Current,04 - APAC,7886,52.56,75,33.96,156.14,130.8,81.65,6.81,2.65,4.93,4.89,1.48,1.18,5.19,0.0,0.095,0.89,0.67,248.62,28,42.39,18.01,178.07,130.71
Bank_197,795372,2025-02,IntAuto,3030201,XX - Auto Lease,,02 - 1-29 DPD,01 - Canada,9953,487.23,486,42.25,179.75,72.38,53.02,11.0,4.79,3.08,0.67,1.23,0.29,1.61,0.0,0.027,0.75,0.67,298.42,36,7.11,25.85,54.46,31.46
Bank_198,546538,2025-02,IntAuto,3030202,XX - Auto Lease,,02 - 1-29 DPD,02 - EMEA,5367,374.02,339,10.84,163.86,73.44,34.85,19.05,3.01,1.54,3.66,1.17,1.47,3.36,-0.0,0.081,0.7,0.6,153.6,25,24.69,3.66,166.85,48.37
Bank_199,233819,2025-02,IntAuto,3030203,XX - Auto Lease,,02 - 1-29 DPD,03 - LATAM,9853,165.24,483,47.62,56.65,167.3,42.53,15.51,3.31,2.86,0.57,1.31,0.95,0.93,0.0,0.079,0.89,0.81,226.67,62,5.94,8.16,174.09,64.52
Bank_200,875167,2025-02,IntAuto,3030204,XX - Auto Lease,,02 - 1-29 DPD,04 - APAC,7213,315.61,234,33.36,84.0,54.71,85.14,3.29,7.45,3.78,0.65,0.65,0.19,1.11,-0.61,0.022,0.52,0.57,273.47,42,41.96,10.8,100.36,137.83
Bank_201,641665,2025-02,IntAuto,3030301,XX - Auto Lease,,03 - 30-59 DPD,01 - Canada,8432,175.78,209,17.73,86.66,136.38,71.65,10.55,2.01,3.87,0.79,1.43,0.97,1.25,0.0,0.062,0.68,0.75,75.82,45,48.32,10.38,125.29,114.24
Bank_202,982754,2025-02,IntAuto,3030302,XX - Auto Lease,,03 - 30-59 DPD,02 - EMEA,6638,300.77,311,41.37,99.87,134.42,76.41,5.44,6.24,3.61,1.92,1.27,0.6,2.59,0.0,0.015,0.76,0.84,148.37,72,32.99,2.72,119.13,64.47
Bank_203,673606,2025-02,IntAuto,3030303,XX - Auto Lease,,03 - 30-59 DPD,03 - LATAM,3287,181.15,477,7.05,125.37,121.34,79.54,13.54,9.23,3.72,2.2,1.89,1.16,2.93,0.0,0.023,0.56,0.51,234.57,35,29.25,2.05,126.81,135.26
Bank_204,863404,2025-02,IntAuto,3030304,XX - Auto Lease,,03 - 30-59 DPD,04 - APAC,8539,141.46,487,19.27,41.63,22.74,31.53,17.66,8.22,1.49,3.7,1.08,0.82,3.96,-0.0,0.019,0.65,0.82,113.47,55,28.86,26.62,159.6,46.05
Bank_205,977754,2025-02,IntAuto,3030401,XX - Auto Lease,,04 - 60-89 DPD,01 - Canada,3396,330.1,291,18.95,176.31,60.2,55.63,18.86,3.02,4.3,3.71,1.74,0.38,5.07,-0.08,0.038,0.57,0.74,91.76,66,14.16,10.19,144.19,46.45
Bank_206,921449,2025-02,IntAuto,3030402,XX - Auto Lease,,04 - 60-89 DPD,02 - EMEA,5880,268.77,423,46.15,70.61,193.78,50.09,16.09,5.13,4.22,3.44,0.48,1.35,2.57,0.0,0.04,0.79,0.67,243.88,66,25.84,12.31,129.98,101.53
Bank_207,872673,2025-02,IntAuto,3030403,XX - Auto Lease,,04 - 60-89 DPD,03 - LATAM,1565,287.54,312,37.37,34.01,184.81,29.59,1.2,5.43,2.23,1.4,1.65,0.94,2.11,0.0,0.099,0.88,0.54,131.98,40,20.35,15.51,56.92,98.63
Bank_208,883119,2025-02,IntAuto,3030404,XX - Auto Lease,,04 - 60-89 DPD,04 - APAC,7649,299.56,495,18.5,46.61,50.11,49.11,3.12,7.23,4.99,0.62,1.72,0.63,1.71,0.0,0.011,0.89,0.76,214.2,23,49.2,21.06,123.45,75.08
Bank_209,288173,2025-02,IntAuto,3030501,XX - Auto Lease,,05 - 90-119 DPD,01 - Canada,1783,170.98,439,34.51,92.34,109.34,55.49,18.72,3.9,1.84,4.94,0.95,0.31,5.58,-0.0,0.02,0.82,0.83,54.01,19,38.05,10.73,52.72,124.02
Bank_210,954283,2025-02,IntAuto,3030502,XX - Auto Lease,,05 - 90-119 DPD,02 - EMEA,7049,99.04,130,20.09,120.82,67.22,45.12,13.42,6.82,1.31,2.99,1.2,1.37,2.82,-0.02,0.066,0.72,0.74,292.77,43,8.33,2.48,176.1,44.15
Bank_211,434349,2025-02,IntAuto,3030503,XX - Auto Lease,,05 - 90-119 DPD,03 - LATAM,6620,220.96,128,6.39,46.59,42.69,91.72,3.36,5.67,3.81,1.59,1.87,1.41,2.05,0.0,0.08,0.62,0.65,152.14,14,9.11,25.96,94.04,79.71
Bank_212,644478,2025-02,IntAuto,3030504,XX - Auto Lease,,05 - 90-119 DPD,04 - APAC,1927,450.11,374,15.54,184.88,190.79,62.91,16.73,3.91,4.91,2.19,1.5,0.93,2.76,0.0,0.062,0.51,0.8,158.64,28,16.61,19.66,174.54,72.29
Bank_213,841816,2025-02,IntAuto,3030601,XX - Auto Lease,,06 - 120+ DPD,01 - Canada,2521,270.73,448,9.24,53.55,12.09,32.34,2.56,5.21,2.2,1.77,1.36,0.57,2.56,0.0,0.044,0.6,0.51,255.99,14,30.15,22.6,59.01,69.32
Bank_214,311749,2025-02,IntAuto,3030602,XX - Auto Lease,,06 - 120+ DPD,02 - EMEA,2407,76.54,215,45.33,193.32,113.31,82.02,16.8,8.49,2.19,3.16,0.83,1.04,2.95,0.0,0.077,0.58,0.76,90.76,57,13.6,25.55,53.5,86.0
Bank_215,453272,2025-02,IntAuto,3030603,XX - Auto Lease,,06 - 120+ DPD,03 - LATAM,6637,303.63,338,34.72,68.85,55.31,99.87,17.5,6.18,3.34,4.32,1.21,0.65,4.88,-0.03,0.041,0.73,0.59,153.65,65,10.24,6.96,174.85,146.6
Bank_216,518612,2025-02,IntAuto,3030604,XX - Auto Lease,,06 - 120+ DPD,04 - APAC,2326,368.41,204,5.22,160.53,168.15,60.53,5.75,2.12,4.23,4.53,0.46,1.08,3.91,0.0,0.027,0.55,0.73,199.01,57,46.42,26.44,185.28,133.97
