BHC_NAME,RSSD_ID,REPORTING_MONTH,PORTFOLIO_ID,SEGMENT_ID,Product Type,Age,Geography,Delinquency Status,Credit Score,# Accounts,$ Receivables,$ Unpaid principal balance,$ Commitments,# New accounts,$ New commitments,$ Gross contractual charge-offs,$ Bankruptcy charge-offs,$ Recoveries,# Accounts charged-off,$ Net charge-offs,Adjustment factor,$ O/S for 30+ DPD in last 24 months,# Accounts 30+ DPD in last 24 months,Weighted Average Life of Loans
Sample Bank,123456,2025-02,IntCard,0101010101,01: Bank Card,01: <= Two years old,01: Canada,01: Current and 1-29 DPD,01: <= 620,852.58,500.8,679.22,392.58,264.34,954.69,603.98,934.02,204.21,147.75,855.97,681.24,187.39,270.09,800.86
Sample Bank,123456,2025-02,IntCard,0101010102,01: Bank Card,01: <= Two years old,01: Canada,01: Current and 1-29 DPD,02: > 620,454.41,670.87,319.03,381.85,990.72,248.37,506.95,844.56,239.98,415.8,615.48,481.71,460.04,363.15,587.06
Sample Bank,123456,2025-02,IntCard,0101010103,01: Bank Card,01: <= Two years old,01: Canada,01: Current and 1-29 DPD,03: N/A - Unknown,624.75,653.64,71.3,631.4,953.28,541.45,715.55,557.18,854.89,929.65,185.04,437.42,392.99,405.81,126.4
Sample Bank,123456,2025-02,IntCard,0101010201,01: Bank Card,01: <= Two years old,01: Canada,02: 30-59 DPD,01: <= 620,813.8,36.73,528.7,662.22,208.26,905.94,838.71,471.61,411.74,237.33,730.26,132.61,680.56,842.61,229.24
Sample Bank,123456,2025-02,IntCard,0101010202,01: Bank Card,01: <= Two years old,01: Canada,02: 30-59 DPD,02: > 620,866.56,34.29,912.87,119.24,646.11,250.83,836.72,512.79,136.11,571.42,408.47,661.79,882.02,409.98,290.59
Sample Bank,123456,2025-02,IntCard,0101010203,01: Bank Card,01: <= Two years old,01: Canada,02: 30-59 DPD,03: N/A - Unknown,15.5,575.26,402.87,375.27,183.75,430.63,984.46,298.46,600.1,776.71,749.41,329.45,611.25,871.39,16.43
Sample Bank,123456,2025-02,IntCard,0101010301,01: Bank Card,01: <= Two years old,01: Canada,03: 60-89 DPD,01: <= 620,436.3,225.05,389.24,416.57,746.92,94.73,513.07,564.63,494.66,732.14,384.41,945.02,482.32,571.64,825.71
Sample Bank,123456,2025-02,IntCard,0101010302,01: Bank Card,01: <= Two years old,01: Canada,03: 60-89 DPD,02: > 620,275.96,76.13,708.08,483.53,896.61,982.7,399.71,416.02,408.55,325.23,781.91,759.24,479.17,45.62,310.25
Sample Bank,123456,2025-02,IntCard,0101010303,01: Bank Card,01: <= Two years old,01: Canada,03: 60-89 DPD,03: N/A - Unknown,293.01,811.28,88.49,805.87,669.51,732.71,432.78,680.05,609.42,769.21,447.32,473.35,643.93,108.97,436.81
Sample Bank,123456,2025-02,IntCard,0101010401,01: Bank Card,01: <= Two years old,01: Canada,04: 90-119 DPD,01: <= 620,971.98,38.51,316.69,314.8,633.83,106.69,628.92,95.95,95.86,728.46,324.81,977.45,38.32,445.66,114.02
Sample Bank,123456,2025-02,IntCard,0101010402,01: Bank Card,01: <= Two years old,01: Canada,04: 90-119 DPD,02: > 620,352.03,998.22,888.95,49.28,563.69,648.17,210.33,145.96,904.48,968.85,991.9,789.97,663.84,346.38,172.23
Sample Bank,123456,2025-02,IntCard,0101010403,01: Bank Card,01: <= Two years old,01: Canada,04: 90-119 DPD,03: N/A - Unknown,79.9,693.6,784.94,826.63,913.85,880.05,999.74,244.82,763.54,586.87,261.98,981.92,898.0,129.39,27.13
Sample Bank,123456,2025-02,IntCard,0101010501,01: Bank Card,01: <= Two years old,01: Canada,05: 120+ DPD,01: <= 620,688.64,604.53,935.88,234.77,85.3,259.96,19.91,36.86,914.94,352.66,411.4,19.35,271.25,804.92,615.88
Sample Bank,123456,2025-02,IntCard,0101010502,01: Bank Card,01: <= Two years old,01: Canada,05: 120+ DPD,02: > 620,754.03,447.77,310.42,483.33,323.75,839.13,298.38,660.1,137.85,687.18,913.39,608.97,560.3,961.16,627.77
Sample Bank,123456,2025-02,IntCard,0101010503,01: Bank Card,01: <= Two years old,01: Canada,05: 120+ DPD,03: N/A - Unknown,260.29,293.1,705.6,735.7,304.19,346.0,991.07,102.85,405.24,63.39,821.26,93.25,674.33,57.43,673.18
Sample Bank,123456,2025-02,IntCard,0101020101,01: Bank Card,01: <= Two years old,02: EMEA,01: Current and 1-29 DPD,01: <= 620,843.19,399.42,522.6,402.14,301.19,803.46,272.73,723.22,206.99,250.6,337.12,589.57,454.97,745.4,214.35
Sample Bank,123456,2025-02,IntCard,0101020102,01: Bank Card,01: <= Two years old,02: EMEA,01: Current and 1-29 DPD,02: > 620,11.66,776.78,821.83,60.42,611.3,378.83,794.1,874.54,851.15,777.43,269.78,812.08,533.94,53.7,457.48
Sample Bank,123456,2025-02,IntCard,0101020103,01: Bank Card,01: <= Two years old,02: EMEA,01: Current and 1-29 DPD,03: N/A - Unknown,942.22,887.97,103.16,744.38,805.99,272.12,472.14,711.28,439.6,113.68,706.18,911.73,652.83,774.03,359.0
Sample Bank,123456,2025-02,IntCard,0101020201,01: Bank Card,01: <= Two years old,02: EMEA,02: 30-59 DPD,01: <= 620,184.02,643.13,328.44,860.21,123.51,434.03,397.33,938.12,153.98,10.84,238.85,820.46,210.11,241.64,130.77
Sample Bank,123456,2025-02,IntCard,0101020202,01: Bank Card,01: <= Two years old,02: EMEA,02: 30-59 DPD,02: > 620,715.72,70.11,331.88,283.22,555.6,730.69,533.34,931.09,951.49,362.1,777.9,739.06,893.07,448.5,530.94
Sample Bank,123456,2025-02,IntCard,0101020203,01: Bank Card,01: <= Two years old,02: EMEA,02: 30-59 DPD,03: N/A - Unknown,416.36,850.53,230.47,240.47,373.23,231.11,561.45,135.36,320.87,913.53,409.82,748.49,114.35,248.32,807.54
Sample Bank,123456,2025-02,IntCard,0101020301,01: Bank Card,01: <= Two years old,02: EMEA,03: 60-89 DPD,01: <= 620,763.23,386.77,954.44,910.73,962.34,428.49,198.28,627.03,685.09,126.32,786.7,19.04,483.25,331.69,740.56
Sample Bank,123456,2025-02,IntCard,0101020302,01: Bank Card,01: <= Two years old,02: EMEA,03: 60-89 DPD,02: > 620,313.45,826.98,595.36,794.1,989.35,679.48,984.97,29.81,338.8,108.75,263.04,839.05,33.29,520.66,567.56
Sample Bank,123456,2025-02,IntCard,0101020303,01: Bank Card,01: <= Two years old,02: EMEA,03: 60-89 DPD,03: N/A - Unknown,561.59,475.82,790.81,134.41,311.27,616.11,691.26,404.74,875.5,416.08,403.37,37.17,551.59,708.97,115.32
Sample Bank,123456,2025-02,IntCard,0101020401,01: Bank Card,01: <= Two years old,02: EMEA,04: 90-119 DPD,01: <= 620,306.13,781.48,366.55,242.36,672.53,197.56,895.76,106.49,706.84,500.05,870.06,127.07,678.22,572.48,480.61
Sample Bank,123456,2025-02,IntCard,0101020402,01: Bank Card,01: <= Two years old,02: EMEA,04: 90-119 DPD,02: > 620,491.92,722.25,937.8,92.16,20.48,805.9,109.06,986.71,619.73,651.22,199.69,241.07,659.69,909.82,982.41
Sample Bank,123456,2025-02,IntCard,0101020403,01: Bank Card,01: <= Two years old,02: EMEA,04: 90-119 DPD,03: N/A - Unknown,198.83,134.99,57.34,868.43,295.42,2.81,224.59,341.1,991.0,524.02,205.51,335.48,330.98,20.71,136.05
Sample Bank,123456,2025-02,IntCard,0101020501,01: Bank Card,01: <= Two years old,02: EMEA,05: 120+ DPD,01: <= 620,695.5,121.13,231.5,351.39,757.98,582.82,689.31,567.45,683.91,3.84,930.97,111.81,406.84,771.27,435.8
Sample Bank,123456,2025-02,IntCard,0101020502,01: Bank Card,01: <= Two years old,02: EMEA,05: 120+ DPD,02: > 620,946.9,468.12,875.06,811.02,981.01,926.62,898.23,731.87,367.63,107.02,688.96,978.68,726.88,928.8,804.5
Sample Bank,123456,2025-02,IntCard,0101020503,01: Bank Card,01: <= Two years old,02: EMEA,05: 120+ DPD,03: N/A - Unknown,163.95,249.95,342.52,169.09,582.07,975.48,761.7,423.96,5.5,313.96,527.23,324.93,111.92,443.32,254.0
Sample Bank,123456,2025-02,IntCard,0101030101,01: Bank Card,01: <= Two years old,03: LATAM,01: Current and 1-29 DPD,01: <= 620,909.32,102.65,50.1,6.31,328.74,660.73,730.68,453.81,684.64,360.55,668.14,41.56,391.36,791.06,803.2
Sample Bank,123456,2025-02,IntCard,0101030102,01: Bank Card,01: <= Two years old,03: LATAM,01: Current and 1-29 DPD,02: > 620,716.43,205.03,247.96,996.09,104.27,181.48,130.9,328.33,210.97,498.19,476.54,901.6,35.71,320.56,597.06
Sample Bank,123456,2025-02,IntCard,0101030103,01: Bank Card,01: <= Two years old,03: LATAM,01: Current and 1-29 DPD,03: N/A - Unknown,605.2,480.65,815.85,63.66,815.67,495.26,134.63,885.82,649.58,164.38,34.62,141.97,609.19,180.12,226.54
Sample Bank,123456,2025-02,IntCard,0101030201,01: Bank Card,01: <= Two years old,03: LATAM,02: 30-59 DPD,01: <= 620,26.11,723.21,810.55,797.05,128.44,903.4,672.61,897.63,447.71,437.52,784.75,94.2,521.35,836.55,830.36
Sample Bank,123456,2025-02,IntCard,0101030202,01: Bank Card,01: <= Two years old,03: LATAM,02: 30-59 DPD,02: > 620,956.18,698.57,208.56,21.26,479.94,514.19,241.02,125.57,586.62,764.49,993.16,758.54,793.84,616.84,985.94
Sample Bank,123456,2025-02,IntCard,0101030203,01: Bank Card,01: <= Two years old,03: LATAM,02: 30-59 DPD,03: N/A - Unknown,640.32,860.39,945.84,929.93,382.03,79.58,172.7,60.16,106.29,185.47,341.75,544.0,711.97,211.72,672.85
Sample Bank,123456,2025-02,IntCard,0101030301,01: Bank Card,01: <= Two years old,03: LATAM,03: 60-89 DPD,01: <= 620,704.55,559.06,903.71,111.88,177.94,429.24,127.59,566.73,399.0,285.31,170.82,336.0,608.35,576.21,164.46
Sample Bank,123456,2025-02,IntCard,0101030302,01: Bank Card,01: <= Two years old,03: LATAM,03: 60-89 DPD,02: > 620,125.79,27.65,13.41,879.93,46.04,731.49,872.11,98.96,436.87,962.34,834.3,490.21,762.81,833.54,348.68
Sample Bank,123456,2025-02,IntCard,0101030303,01: Bank Card,01: <= Two years old,03: LATAM,03: 60-89 DPD,03: N/A - Unknown,892.26,471.0,528.28,999.71,843.46,362.41,11.34,626.55,704.21,651.15,967.89,863.11,449.38,63.79,476.58
Sample Bank,123456,2025-02,IntCard,0101030401,01: Bank Card,01: <= Two years old,03: LATAM,04: 90-119 DPD,01: <= 620,689.55,608.1,538.6,469.35,294.47,278.07,500.73,161.44,341.34,324.66,587.55,67.62,829.84,562.82,671.16
Sample Bank,123456,2025-02,IntCard,0101030402,01: Bank Card,01: <= Two years old,03: LATAM,04: 90-119 DPD,02: > 620,703.39,292.19,470.9,956.29,766.94,969.59,746.51,176.42,65.47,578.08,358.46,276.18,807.4,367.63,317.68
Sample Bank,123456,2025-02,IntCard,0101030403,01: Bank Card,01: <= Two years old,03: LATAM,04: 90-119 DPD,03: N/A - Unknown,850.14,846.44,357.01,832.67,850.93,424.51,67.41,2.58,523.77,344.73,997.13,772.64,761.51,955.29,887.84
Sample Bank,123456,2025-02,IntCard,0101030501,01: Bank Card,01: <= Two years old,03: LATAM,05: 120+ DPD,01: <= 620,318.87,166.82,746.15,378.9,473.7,630.77,907.96,419.67,783.53,269.07,698.27,2.58,871.64,31.35,713.04
Sample Bank,123456,2025-02,IntCard,0101030502,01: Bank Card,01: <= Two years old,03: LATAM,05: 120+ DPD,02: > 620,47.21,266.98,497.71,420.52,192.64,334.48,727.98,669.59,72.74,747.57,53.99,543.38,260.8,588.1,262.07
Sample Bank,123456,2025-02,IntCard,0101030503,01: Bank Card,01: <= Two years old,03: LATAM,05: 120+ DPD,03: N/A - Unknown,984.97,310.42,242.72,279.19,896.58,636.58,730.95,918.09,911.96,739.21,198.63,843.53,204.57,743.16,685.92
Sample Bank,123456,2025-02,IntCard,0101040101,01: Bank Card,01: <= Two years old,04: APAC,01: Current and 1-29 DPD,01: <= 620,759.13,533.15,639.09,953.37,101.99,309.54,611.75,964.09,96.48,23.53,56.69,53.35,907.91,721.54,677.43
Sample Bank,123456,2025-02,IntCard,0101040102,01: Bank Card,01: <= Two years old,04: APAC,01: Current and 1-29 DPD,02: > 620,523.05,782.17,156.49,392.55,490.51,111.3,420.09,317.19,36.55,137.6,764.27,19.02,934.32,87.34,799.44
Sample Bank,123456,2025-02,IntCard,0101040103,01: Bank Card,01: <= Two years old,04: APAC,01: Current and 1-29 DPD,03: N/A - Unknown,898.72,941.19,867.61,288.26,333.75,427.12,140.16,23.25,869.25,554.57,609.11,927.06,665.46,691.16,787.18
Sample Bank,123456,2025-02,IntCard,0101040201,01: Bank Card,01: <= Two years old,04: APAC,02: 30-59 DPD,01: <= 620,117.23,360.8,968.24,923.01,884.19,452.64,857.34,49.35,149.37,414.55,483.91,264.24,357.12,163.61,489.64
Sample Bank,123456,2025-02,IntCard,0101040202,01: Bank Card,01: <= Two years old,04: APAC,02: 30-59 DPD,02: > 620,794.05,661.7,108.68,488.09,697.95,530.37,392.28,622.29,968.67,95.81,390.63,407.2,577.39,153.02,177.47
Sample Bank,123456,2025-02,IntCard,0101040203,01: Bank Card,01: <= Two years old,04: APAC,02: 30-59 DPD,03: N/A - Unknown,286.08,955.91,734.37,662.03,817.14,128.45,859.47,595.24,335.99,816.04,802.76,845.86,116.4,969.39,959.67
Sample Bank,123456,2025-02,IntCard,0101040301,01: Bank Card,01: <= Two years old,04: APAC,03: 60-89 DPD,01: <= 620,358.11,66.83,167.89,992.84,563.45,357.27,288.91,257.73,664.49,419.97,965.45,684.16,792.25,293.45,80.11
Sample Bank,123456,2025-02,IntCard,0101040302,01: Bank Card,01: <= Two years old,04: APAC,03: 60-89 DPD,02: > 620,488.34,315.27,202.88,952.69,444.54,175.53,199.45,281.43,999.32,268.74,329.47,659.67,294.67,216.59,159.48
Sample Bank,123456,2025-02,IntCard,0101040303,01: Bank Card,01: <= Two years old,04: APAC,03: 60-89 DPD,03: N/A - Unknown,313.37,106.81,19.63,804.84,138.76,776.2,797.74,538.38,310.37,145.89,737.07,601.79,655.8,9.66,927.59
Sample Bank,123456,2025-02,IntCard,0101040401,01: Bank Card,01: <= Two years old,04: APAC,04: 90-119 DPD,01: <= 620,67.22,367.44,403.31,2.35,497.59,753.06,823.45,879.52,488.23,631.01,80.44,488.55,155.66,370.27,329.98
Sample Bank,123456,2025-02,IntCard,0101040402,01: Bank Card,01: <= Two years old,04: APAC,04: 90-119 DPD,02: > 620,424.12,572.06,902.97,395.09,981.15,759.27,511.97,644.38,103.12,844.68,582.78,986.08,636.79,834.28,799.96
Sample Bank,123456,2025-02,IntCard,0101040403,01: Bank Card,01: <= Two years old,04: APAC,04: 90-119 DPD,03: N/A - Unknown,346.12,260.35,431.06,467.77,240.84,894.7,543.01,978.47,810.21,556.15,947.09,505.37,887.22,358.79,379.26
Sample Bank,123456,2025-02,IntCard,0101040501,01: Bank Card,01: <= Two years old,04: APAC,05: 120+ DPD,01: <= 620,418.71,547.08,553.94,496.9,306.69,927.28,589.0,408.33,651.53,768.2,960.77,500.05,112.99,441.33,479.49
Sample Bank,123456,2025-02,IntCard,0101040502,01: Bank Card,01: <= Two years old,04: APAC,05: 120+ DPD,02: > 620,897.1,395.41,953.37,485.65,973.81,9.19,898.92,931.19,961.06,14.06,172.53,654.11,26.45,64.55,221.86
Sample Bank,123456,2025-02,IntCard,0101040503,01: Bank Card,01: <= Two years old,04: APAC,05: 120+ DPD,03: N/A - Unknown,512.93,546.36,35.23,171.2,500.21,594.35,149.25,399.44,904.5,998.9,987.23,881.79,395.27,686.89,417.18
Sample Bank,123456,2025-02,IntCard,0102010101,01: Bank Card,02: > Two years old,01: Canada,01: Current and 1-29 DPD,01: <= 620,648.88,310.12,606.6,524.23,25.46,790.91,12.89,293.86,6.92,376.83,64.1,913.6,416.26,460.04,350.5
Sample Bank,123456,2025-02,IntCard,0102010102,01: Bank Card,02: > Two years old,01: Canada,01: Current and 1-29 DPD,02: > 620,627.88,784.62,648.5,748.46,906.07,863.68,674.38,215.42,638.07,506.58,717.5,833.1,742.98,846.71,64.8
Sample Bank,123456,2025-02,IntCard,0102010103,01: Bank Card,02: > Two years old,01: Canada,01: Current and 1-29 DPD,03: N/A - Unknown,32.59,259.24,900.77,823.84,683.04,701.06,726.94,942.66,832.36,623.77,666.05,214.53,657.66,425.25,153.81
Sample Bank,123456,2025-02,IntCard,0102010201,01: Bank Card,02: > Two years old,01: Canada,02: 30-59 DPD,01: <= 620,806.6,510.74,977.45,282.4,481.19,448.55,121.66,426.69,288.27,161.16,282.87,234.02,734.34,31.74,617.85
Sample Bank,123456,2025-02,IntCard,0102010202,01: Bank Card,02: > Two years old,01: Canada,02: 30-59 DPD,02: > 620,760.9,481.24,931.63,708.17,748.18,197.74,777.52,832.26,361.91,214.15,385.67,739.87,418.22,736.92,114.45
Sample Bank,123456,2025-02,IntCard,0102010203,01: Bank Card,02: > Two years old,01: Canada,02: 30-59 DPD,03: N/A - Unknown,806.21,253.95,249.68,590.79,71.05,27.27,261.77,538.53,907.71,846.59,490.96,38.01,535.72,705.09,339.83
Sample Bank,123456,2025-02,IntCard,0102010301,01: Bank Card,02: > Two years old,01: Canada,03: 60-89 DPD,01: <= 620,111.95,279.29,771.82,351.89,812.17,320.2,164.39,436.41,452.82,17.09,117.93,185.74,114.47,342.18,964.66
Sample Bank,123456,2025-02,IntCard,0102010302,01: Bank Card,02: > Two years old,01: Canada,03: 60-89 DPD,02: > 620,509.71,627.93,357.03,324.16,24.12,500.83,484.13,158.67,764.56,493.18,339.65,147.76,552.61,753.06,282.72
Sample Bank,123456,2025-02,IntCard,0102010303,01: Bank Card,02: > Two years old,01: Canada,03: 60-89 DPD,03: N/A - Unknown,219.58,522.41,156.19,666.95,605.74,87.99,37.48,620.67,295.0,87.36,759.67,314.73,460.14,237.58,627.69
Sample Bank,123456,2025-02,IntCard,0102010401,01: Bank Card,02: > Two years old,01: Canada,04: 90-119 DPD,01: <= 620,302.19,968.05,703.24,137.59,417.28,386.04,534.71,842.09,583.84,62.5,655.76,9.26,780.18,666.97,309.48
Sample Bank,123456,2025-02,IntCard,0102010402,01: Bank Card,02: > Two years old,01: Canada,04: 90-119 DPD,02: > 620,293.15,798.47,783.55,352.95,299.65,560.26,9.36,83.58,127.04,186.23,512.51,992.25,652.96,62.24,526.05
Sample Bank,123456,2025-02,IntCard,0102010403,01: Bank Card,02: > Two years old,01: Canada,04: 90-119 DPD,03: N/A - Unknown,497.15,145.02,920.35,441.32,994.56,420.65,608.35,105.66,454.77,239.53,835.73,784.14,824.36,723.89,832.85
Sample Bank,123456,2025-02,IntCard,0102010501,01: Bank Card,02: > Two years old,01: Canada,05: 120+ DPD,01: <= 620,201.63,452.59,692.16,637.76,716.64,225.03,99.34,916.89,560.61,154.67,793.64,915.02,170.39,817.6,933.29
Sample Bank,123456,2025-02,IntCard,0102010502,01: Bank Card,02: > Two years old,01: Canada,05: 120+ DPD,02: > 620,938.42,914.24,546.87,356.86,8.27,61.85,429.41,399.93,185.53,396.08,175.48,848.94,298.9,598.97,503.34
Sample Bank,123456,2025-02,IntCard,0102010503,01: Bank Card,02: > Two years old,01: Canada,05: 120+ DPD,03: N/A - Unknown,52.83,942.29,527.7,325.73,158.97,339.19,21.49,364.19,531.95,871.99,687.69,112.47,148.6,428.7,196.51
Sample Bank,123456,2025-02,IntCard,0102020101,01: Bank Card,02: > Two years old,02: EMEA,01: Current and 1-29 DPD,01: <= 620,28.82,805.21,20.5,830.86,144.96,974.7,604.27,735.25,111.37,862.24,839.35,653.34,502.77,721.77,6.92
Sample Bank,123456,2025-02,IntCard,0102020102,01: Bank Card,02: > Two years old,02: EMEA,01: Current and 1-29 DPD,02: > 620,592.85,847.56,357.54,109.18,421.46,727.38,108.19,206.84,148.4,797.15,63.83,686.9,367.09,756.04,964.42
Sample Bank,123456,2025-02,IntCard,0102020103,01: Bank Card,02: > Two years old,02: EMEA,01: Current and 1-29 DPD,03: N/A - Unknown,115.43,315.07,810.32,266.89,215.91,825.55,987.1,557.32,278.77,399.17,170.96,762.13,773.7,875.25,27.58
Sample Bank,123456,2025-02,IntCard,0102020201,01: Bank Card,02: > Two years old,02: EMEA,02: 30-59 DPD,01: <= 620,562.42,215.04,341.54,785.17,192.84,638.7,654.91,954.14,775.39,803.83,532.07,187.59,426.14,549.94,678.74
Sample Bank,123456,2025-02,IntCard,0102020202,01: Bank Card,02: > Two years old,02: EMEA,02: 30-59 DPD,02: > 620,608.1,394.58,266.05,169.06,694.15,645.75,687.69,373.15,263.15,759.96,773.87,456.16,612.29,374.15,702.25
Sample Bank,123456,2025-02,IntCard,0102020203,01: Bank Card,02: > Two years old,02: EMEA,02: 30-59 DPD,03: N/A - Unknown,835.89,688.55,513.07,459.2,642.68,680.13,559.17,625.32,97.49,951.81,790.98,374.55,563.25,48.28,42.19
Sample Bank,123456,2025-02,IntCard,0102020301,01: Bank Card,02: > Two years old,02: EMEA,03: 60-89 DPD,01: <= 620,251.55,690.01,852.3,559.63,532.6,402.91,162.44,119.24,760.92,927.58,458.82,659.79,914.54,91.02,770.71
Sample Bank,123456,2025-02,IntCard,0102020302,01: Bank Card,02: > Two years old,02: EMEA,03: 60-89 DPD,02: > 620,617.2,599.04,293.25,684.21,795.0,113.75,533.99,102.16,872.7,508.13,808.16,368.72,125.95,42.46,282.23
Sample Bank,123456,2025-02,IntCard,0102020303,01: Bank Card,02: > Two years old,02: EMEA,03: 60-89 DPD,03: N/A - Unknown,244.99,560.79,22.72,521.05,392.38,577.55,702.72,634.46,984.66,139.13,430.31,425.41,417.64,664.13,490.34
Sample Bank,123456,2025-02,IntCard,0102020401,01: Bank Card,02: > Two years old,02: EMEA,04: 90-119 DPD,01: <= 620,517.92,432.92,991.71,927.63,308.42,112.48,839.92,997.17,293.32,358.43,941.69,711.42,296.34,581.47,944.29
Sample Bank,123456,2025-02,IntCard,0102020402,01: Bank Card,02: > Two years old,02: EMEA,04: 90-119 DPD,02: > 620,812.0,742.09,737.26,178.84,824.86,276.84,930.44,365.28,857.8,266.97,515.01,107.78,660.46,836.24,718.73
Sample Bank,123456,2025-02,IntCard,0102020403,01: Bank Card,02: > Two years old,02: EMEA,04: 90-119 DPD,03: N/A - Unknown,523.74,46.07,933.51,705.78,746.12,794.89,748.0,441.68,733.89,625.4,854.16,802.66,42.33,379.51,35.68
Sample Bank,123456,2025-02,IntCard,0102020501,01: Bank Card,02: > Two years old,02: EMEA,05: 120+ DPD,01: <= 620,102.97,601.81,873.95,120.7,451.64,910.97,814.49,520.15,771.8,523.17,158.93,125.61,189.18,351.57,930.6
Sample Bank,123456,2025-02,IntCard,0102020502,01: Bank Card,02: > Two years old,02: EMEA,05: 120+ DPD,02: > 620,799.88,433.37,493.58,266.34,704.65,802.96,239.67,42.78,624.27,562.95,402.73,644.25,551.06,251.33,398.33
Sample Bank,123456,2025-02,IntCard,0102020503,01: Bank Card,02: > Two years old,02: EMEA,05: 120+ DPD,03: N/A - Unknown,428.69,880.37,960.94,893.11,719.46,585.41,689.57,939.17,250.75,535.59,689.92,679.57,253.03,587.14,796.12
Sample Bank,123456,2025-02,IntCard,0102030101,01: Bank Card,02: > Two years old,03: LATAM,01: Current and 1-29 DPD,01: <= 620,475.6,793.5,360.52,938.82,534.39,596.35,32.33,171.1,633.3,420.45,508.66,63.91,834.3,784.72,186.17
Sample Bank,123456,2025-02,IntCard,0102030102,01: Bank Card,02: > Two years old,03: LATAM,01: Current and 1-29 DPD,02: > 620,634.7,818.5,641.21,311.09,656.46,211.25,318.94,240.83,557.37,109.12,933.38,334.18,219.75,497.05,277.72
Sample Bank,123456,2025-02,IntCard,0102030103,01: Bank Card,02: > Two years old,03: LATAM,01: Current and 1-29 DPD,03: N/A - Unknown,535.37,349.16,132.93,266.63,439.0,31.26,770.87,622.2,601.76,546.5,590.72,934.72,9.56,48.75,192.3
Sample Bank,123456,2025-02,IntCard,0102030201,01: Bank Card,02: > Two years old,03: LATAM,02: 30-59 DPD,01: <= 620,168.13,182.01,672.27,460.02,991.79,227.66,311.52,984.26,831.93,470.33,555.04,843.33,481.5,206.82,828.62
Sample Bank,123456,2025-02,IntCard,0102030202,01: Bank Card,02: > Two years old,03: LATAM,02: 30-59 DPD,02: > 620,538.23,153.89,506.08,413.79,876.97,126.93,875.33,512.7,404.96,162.81,701.12,926.88,376.0,242.34,555.31
Sample Bank,123456,2025-02,IntCard,0102030203,01: Bank Card,02: > Two years old,03: LATAM,02: 30-59 DPD,03: N/A - Unknown,796.39,4.76,631.75,596.92,318.83,451.97,247.72,790.1,634.9,533.18,393.13,292.09,822.91,451.96,501.95
Sample Bank,123456,2025-02,IntCard,0102030301,01: Bank Card,02: > Two years old,03: LATAM,03: 60-89 DPD,01: <= 620,521.31,448.92,256.83,121.22,99.44,757.71,224.3,56.62,797.72,154.91,625.52,339.3,127.35,415.07,15.79
Sample Bank,123456,2025-02,IntCard,0102030302,01: Bank Card,02: > Two years old,03: LATAM,03: 60-89 DPD,02: > 620,841.2,513.98,140.02,237.74,448.53,189.68,269.33,534.85,832.78,402.44,717.26,876.81,217.08,807.38,757.64
Sample Bank,123456,2025-02,IntCard,0102030303,01: Bank Card,02: > Two years old,03: LATAM,03: 60-89 DPD,03: N/A - Unknown,357.58,989.53,263.31,255.55,772.49,435.22,331.46,179.48,765.57,786.54,567.0,957.36,318.85,220.4,677.79
Sample Bank,123456,2025-02,IntCard,0102030401,01: Bank Card,02: > Two years old,03: LATAM,04: 90-119 DPD,01: <= 620,758.65,225.68,77.53,810.71,976.53,645.03,278.59,996.68,893.37,513.87,825.5,816.0,934.86,841.08,644.04
Sample Bank,123456,2025-02,IntCard,0102030402,01: Bank Card,02: > Two years old,03: LATAM,04: 90-119 DPD,02: > 620,609.69,467.89,626.86,795.42,969.07,467.82,574.08,445.36,668.82,630.29,18.82,541.62,89.4,27.36,791.41
Sample Bank,123456,2025-02,IntCard,0102030403,01: Bank Card,02: > Two years old,03: LATAM,04: 90-119 DPD,03: N/A - Unknown,259.39,341.31,65.02,180.32,765.84,494.04,880.79,397.84,269.43,348.25,713.06,555.45,904.29,602.57,493.53
Sample Bank,123456,2025-02,IntCard,0102030501,01: Bank Card,02: > Two years old,03: LATAM,05: 120+ DPD,01: <= 620,785.97,947.59,356.49,250.63,616.6,499.37,989.2,462.9,75.26,977.39,843.74,179.07,904.7,341.33,377.73
Sample Bank,123456,2025-02,IntCard,0102030502,01: Bank Card,02: > Two years old,03: LATAM,05: 120+ DPD,02: > 620,906.49,530.59,138.63,369.69,722.38,175.01,590.64,695.58,344.51,694.19,884.32,472.64,383.53,251.91,604.6
Sample Bank,123456,2025-02,IntCard,0102030503,01: Bank Card,02: > Two years old,03: LATAM,05: 120+ DPD,03: N/A - Unknown,879.97,325.34,396.84,407.22,561.25,229.18,822.39,296.31,705.66,513.7,586.31,180.43,735.29,189.43,114.36
Sample Bank,123456,2025-02,IntCard,0102040101,01: Bank Card,02: > Two years old,04: APAC,01: Current and 1-29 DPD,01: <= 620,547.13,709.59,50.99,70.33,802.88,809.22,246.06,615.61,443.74,633.06,863.02,80.78,778.21,493.54,564.56
Sample Bank,123456,2025-02,IntCard,0102040102,01: Bank Card,02: > Two years old,04: APAC,01: Current and 1-29 DPD,02: > 620,654.28,922.7,57.66,30.45,179.08,986.46,715.36,615.03,47.99,879.23,812.94,665.14,339.79,71.43,580.46
Sample Bank,123456,2025-02,IntCard,0102040103,01: Bank Card,02: > Two years old,04: APAC,01: Current and 1-29 DPD,03: N/A - Unknown,719.97,95.15,634.13,287.08,764.48,540.08,129.91,526.99,396.34,181.18,841.67,12.02,312.82,13.58,96.91
Sample Bank,123456,2025-02,IntCard,0102040201,01: Bank Card,02: > Two years old,04: APAC,02: 30-59 DPD,01: <= 620,297.8,55.22,597.03,87.78,702.01,53.59,60.25,306.02,896.67,641.75,770.36,142.41,834.29,9.14,213.84
Sample Bank,123456,2025-02,IntCard,0102040202,01: Bank Card,02: > Two years old,04: APAC,02: 30-59 DPD,02: > 620,616.48,375.87,984.21,31.31,998.6,624.0,559.15,60.45,274.06,924.74,354.89,661.99,999.5,263.81,576.5
Sample Bank,123456,2025-02,IntCard,0102040203,01: Bank Card,02: > Two years old,04: APAC,02: 30-59 DPD,03: N/A - Unknown,696.74,165.46,149.52,456.85,386.43,714.5,70.44,972.19,15.26,601.72,563.07,135.58,151.77,792.88,887.67
Sample Bank,123456,2025-02,IntCard,0102040301,01: Bank Card,02: > Two years old,04: APAC,03: 60-89 DPD,01: <= 620,283.73,438.53,355.64,73.47,673.53,825.37,305.57,990.19,76.78,662.13,448.78,447.16,458.19,259.42,715.85
Sample Bank,123456,2025-02,IntCard,0102040302,01: Bank Card,02: > Two years old,04: APAC,03: 60-89 DPD,02: > 620,721.85,283.11,835.47,317.53,725.37,121.88,169.53,316.48,594.28,645.87,396.96,78.76,374.26,689.08,671.32
Sample Bank,123456,2025-02,IntCard,0102040303,01: Bank Card,02: > Two years old,04: APAC,03: 60-89 DPD,03: N/A - Unknown,161.04,8.78,753.23,107.26,83.27,3.7,433.17,503.76,638.03,296.77,710.71,170.16,832.16,572.28,584.31
Sample Bank,123456,2025-02,IntCard,0102040401,01: Bank Card,02: > Two years old,04: APAC,04: 90-119 DPD,01: <= 620,210.57,75.03,465.26,616.0,95.95,950.58,980.43,545.91,950.12,180.27,26.4,40.37,587.92,62.58,958.59
Sample Bank,123456,2025-02,IntCard,0102040402,01: Bank Card,02: > Two years old,04: APAC,04: 90-119 DPD,02: > 620,142.79,305.42,822.7,219.52,243.73,642.67,276.81,218.23,254.92,491.16,966.13,832.41,285.33,364.01,465.05
Sample Bank,123456,2025-02,IntCard,0102040403,01: Bank Card,02: > Two years old,04: APAC,04: 90-119 DPD,03: N/A - Unknown,978.95,173.22,358.13,729.7,963.98,156.52,228.15,226.47,21.91,604.51,671.03,602.92,72.25,70.16,211.18
Sample Bank,123456,2025-02,IntCard,0102040501,01: Bank Card,02: > Two years old,04: APAC,05: 120+ DPD,01: <= 620,291.0,786.76,160.23,45.05,394.59,416.98,451.46,827.08,98.91,704.24,338.61,310.67,932.61,249.22,642.89
Sample Bank,123456,2025-02,IntCard,0102040502,01: Bank Card,02: > Two years old,04: APAC,05: 120+ DPD,02: > 620,275.85,507.64,786.51,881.84,838.86,582.6,249.57,661.57,710.2,11.68,439.77,843.42,490.1,312.06,871.93
Sample Bank,123456,2025-02,IntCard,0102040503,01: Bank Card,02: > Two years old,04: APAC,05: 120+ DPD,03: N/A - Unknown,156.72,207.24,687.68,353.08,713.3,158.55,253.02,157.49,952.96,406.0,337.88,15.19,154.26,421.71,69.43
Sample Bank,123456,2025-02,IntCard,0201010101,02: Charge Card,01: <= Two years old,01: Canada,01: Current and 1-29 DPD,01: <= 620,511.23,455.56,767.4,660.14,446.5,225.44,727.14,708.15,154.14,914.84,65.34,55.98,188.16,909.55,520.48
Sample Bank,123456,2025-02,IntCard,0201010102,02: Charge Card,01: <= Two years old,01: Canada,01: Current and 1-29 DPD,02: > 620,788.15,228.62,490.73,358.93,828.0,23.58,244.6,153.42,859.33,468.08,404.82,450.03,971.95,850.42,706.66
Sample Bank,123456,2025-02,IntCard,0201010103,02: Charge Card,01: <= Two years old,01: Canada,01: Current and 1-29 DPD,03: N/A - Unknown,291.19,166.01,921.51,423.65,279.48,471.45,917.93,387.68,563.08,803.16,427.71,234.31,994.53,956.61,843.64
Sample Bank,123456,2025-02,IntCard,0201010201,02: Charge Card,01: <= Two years old,01: Canada,02: 30-59 DPD,01: <= 620,688.69,295.57,913.5,276.28,801.01,918.34,603.4,803.25,791.9,193.96,668.26,94.37,508.34,163.07,416.93
Sample Bank,123456,2025-02,IntCard,0201010202,02: Charge Card,01: <= Two years old,01: Canada,02: 30-59 DPD,02: > 620,833.15,987.18,318.64,532.42,511.79,954.45,479.11,699.41,921.87,374.01,902.22,917.54,930.73,271.18,400.96
Sample Bank,123456,2025-02,IntCard,0201010203,02: Charge Card,01: <= Two years old,01: Canada,02: 30-59 DPD,03: N/A - Unknown,870.53,359.8,600.65,118.94,57.22,412.58,579.34,393.31,578.16,515.57,686.02,649.88,424.82,425.57,141.64
Sample Bank,123456,2025-02,IntCard,0201010301,02: Charge Card,01: <= Two years old,01: Canada,03: 60-89 DPD,01: <= 620,513.73,587.59,477.01,326.38,721.93,75.59,914.53,21.62,962.39,462.89,413.26,257.19,11.06,275.52,110.29
Sample Bank,123456,2025-02,IntCard,0201010302,02: Charge Card,01: <= Two years old,01: Canada,03: 60-89 DPD,02: > 620,660.16,319.76,767.41,207.71,900.33,523.46,115.39,401.44,207.55,200.49,506.86,672.22,911.71,502.66,965.87
Sample Bank,123456,2025-02,IntCard,0201010303,02: Charge Card,01: <= Two years old,01: Canada,03: 60-89 DPD,03: N/A - Unknown,941.69,865.2,500.48,141.76,218.69,648.02,422.33,147.65,479.51,18.41,734.16,74.51,629.48,793.22,133.51
Sample Bank,123456,2025-02,IntCard,0201010401,02: Charge Card,01: <= Two years old,01: Canada,04: 90-119 DPD,01: <= 620,519.12,779.29,261.37,163.75,337.48,555.14,575.7,131.75,458.11,269.01,842.18,314.26,838.87,429.14,726.86
Sample Bank,123456,2025-02,IntCard,0201010402,02: Charge Card,01: <= Two years old,01: Canada,04: 90-119 DPD,02: > 620,510.55,622.34,395.96,768.44,425.76,458.0,518.16,831.99,659.72,349.81,670.65,642.78,931.09,841.58,647.8
Sample Bank,123456,2025-02,IntCard,0201010403,02: Charge Card,01: <= Two years old,01: Canada,04: 90-119 DPD,03: N/A - Unknown,342.17,779.8,575.63,985.28,248.26,80.58,70.82,640.39,939.32,2.93,726.05,657.41,732.57,356.05,820.68
Sample Bank,123456,2025-02,IntCard,0201010501,02: Charge Card,01: <= Two years old,01: Canada,05: 120+ DPD,01: <= 620,45.66,755.68,267.8,477.36,822.81,272.09,186.02,681.63,533.86,514.89,257.51,35.85,410.86,107.45,906.08
Sample Bank,123456,2025-02,IntCard,0201010502,02: Charge Card,01: <= Two years old,01: Canada,05: 120+ DPD,02: > 620,42.21,432.22,53.19,96.45,659.21,647.46,34.02,2.13,79.74,763.24,584.99,39.08,488.61,712.32,869.08
Sample Bank,123456,2025-02,IntCard,0201010503,02: Charge Card,01: <= Two years old,01: Canada,05: 120+ DPD,03: N/A - Unknown,934.1,328.11,136.7,237.69,776.4,971.51,466.93,306.05,429.76,305.51,257.23,594.16,16.72,260.29,661.72
Sample Bank,123456,2025-02,IntCard,0201020101,02: Charge Card,01: <= Two years old,02: EMEA,01: Current and 1-29 DPD,01: <= 620,33.03,84.12,294.1,877.93,765.12,23.13,502.21,275.41,649.0,721.83,863.0,475.94,994.46,980.01,882.28
Sample Bank,123456,2025-02,IntCard,0201020102,02: Charge Card,01: <= Two years old,02: EMEA,01: Current and 1-29 DPD,02: > 620,575.29,398.61,365.02,13.11,249.93,719.09,604.03,916.51,50.97,156.12,789.45,359.15,119.23,996.45,787.46
Sample Bank,123456,2025-02,IntCard,0201020103,02: Charge Card,01: <= Two years old,02: EMEA,01: Current and 1-29 DPD,03: N/A - Unknown,409.33,823.52,680.92,790.18,815.39,85.64,623.35,7.78,44.41,904.08,528.04,736.17,838.66,949.64,869.48
Sample Bank,123456,2025-02,IntCard,0201020201,02: Charge Card,01: <= Two years old,02: EMEA,02: 30-59 DPD,01: <= 620,483.83,336.63,155.34,400.92,367.13,560.02,665.84,978.35,728.66,644.1,335.76,35.47,288.84,768.68,206.07
Sample Bank,123456,2025-02,IntCard,0201020202,02: Charge Card,01: <= Two years old,02: EMEA,02: 30-59 DPD,02: > 620,712.48,580.2,172.69,262.36,496.81,418.96,778.79,734.67,575.0,822.45,563.11,964.42,218.01,714.42,370.57
Sample Bank,123456,2025-02,IntCard,0201020203,02: Charge Card,01: <= Two years old,02: EMEA,02: 30-59 DPD,03: N/A - Unknown,279.69,181.21,552.95,216.25,201.15,990.54,801.95,748.53,794.27,968.95,573.7,221.02,862.35,742.99,414.89
Sample Bank,123456,2025-02,IntCard,0201020301,02: Charge Card,01: <= Two years old,02: EMEA,03: 60-89 DPD,01: <= 620,474.1,411.84,930.01,344.19,963.52,910.36,630.89,580.24,370.72,19.32,128.5,754.48,472.07,150.69,264.7
Sample Bank,123456,2025-02,IntCard,0201020302,02: Charge Card,01: <= Two years old,02: EMEA,03: 60-89 DPD,02: > 620,947.89,367.77,907.77,305.33,543.68,21.46,522.35,637.31,235.07,579.36,647.52,687.2,776.63,312.03,568.21
Sample Bank,123456,2025-02,IntCard,0201020303,02: Charge Card,01: <= Two years old,02: EMEA,03: 60-89 DPD,03: N/A - Unknown,981.6,898.25,952.71,386.75,787.14,620.28,83.65,824.16,677.42,199.72,80.66,837.19,79.82,92.26,427.98
Sample Bank,123456,2025-02,IntCard,0201020401,02: Charge Card,01: <= Two years old,02: EMEA,04: 90-119 DPD,01: <= 620,135.66,913.76,470.81,569.58,928.18,530.73,354.24,797.36,443.41,319.15,723.51,801.8,791.92,977.7,786.88
Sample Bank,123456,2025-02,IntCard,0201020402,02: Charge Card,01: <= Two years old,02: EMEA,04: 90-119 DPD,02: > 620,770.16,857.63,1.19,363.07,737.87,600.12,178.39,304.43,337.46,568.26,831.77,932.56,750.34,843.11,470.63
Sample Bank,123456,2025-02,IntCard,0201020403,02: Charge Card,01: <= Two years old,02: EMEA,04: 90-119 DPD,03: N/A - Unknown,390.39,393.32,616.42,125.11,579.91,665.47,439.47,953.21,608.61,220.78,479.74,675.73,324.31,80.56,583.85
Sample Bank,123456,2025-02,IntCard,0201020501,02: Charge Card,01: <= Two years old,02: EMEA,05: 120+ DPD,01: <= 620,947.92,485.59,906.2,835.19,148.27,708.46,436.03,251.0,687.25,742.92,180.72,914.53,751.4,933.44,317.76
Sample Bank,123456,2025-02,IntCard,0201020502,02: Charge Card,01: <= Two years old,02: EMEA,05: 120+ DPD,02: > 620,939.4,369.15,54.92,763.21,703.8,598.31,490.4,33.13,624.97,417.42,560.65,429.89,966.09,604.5,749.49
Sample Bank,123456,2025-02,IntCard,0201020503,02: Charge Card,01: <= Two years old,02: EMEA,05: 120+ DPD,03: N/A - Unknown,936.41,592.01,13.05,35.26,702.64,279.81,579.8,203.07,270.98,505.14,975.59,616.65,936.21,959.42,208.9
Sample Bank,123456,2025-02,IntCard,0201030101,02: Charge Card,01: <= Two years old,03: LATAM,01: Current and 1-29 DPD,01: <= 620,311.88,770.22,866.9,519.71,993.23,12.56,300.29,623.54,469.82,117.49,368.42,26.42,643.1,892.85,884.99
Sample Bank,123456,2025-02,IntCard,0201030102,02: Charge Card,01: <= Two years old,03: LATAM,01: Current and 1-29 DPD,02: > 620,699.84,466.3,512.52,137.78,341.68,188.54,821.38,914.84,537.39,728.04,122.34,608.93,703.09,453.32,244.03
Sample Bank,123456,2025-02,IntCard,0201030103,02: Charge Card,01: <= Two years old,03: LATAM,01: Current and 1-29 DPD,03: N/A - Unknown,877.5,743.17,899.96,818.58,990.38,192.98,87.66,337.67,129.88,523.61,633.4,578.71,259.98,908.92,22.15
Sample Bank,123456,2025-02,IntCard,0201030201,02: Charge Card,01: <= Two years old,03: LATAM,02: 30-59 DPD,01: <= 620,348.67,719.27,767.16,416.7,17.89,618.43,64.03,108.75,650.6,313.18,348.68,487.32,978.6,965.48,416.84
Sample Bank,123456,2025-02,IntCard,0201030202,02: Charge Card,01: <= Two years old,03: LATAM,02: 30-59 DPD,02: > 620,266.23,303.29,269.51,532.71,607.25,489.29,408.59,212.07,483.02,341.76,542.05,675.51,633.68,463.03,556.5
Sample Bank,123456,2025-02,IntCard,0201030203,02: Charge Card,01: <= Two years old,03: LATAM,02: 30-59 DPD,03: N/A - Unknown,285.57,25.22,625.39,253.32,669.28,747.26,916.01,958.16,11.52,990.38,683.34,643.88,16.2,861.37,146.35
Sample Bank,123456,2025-02,IntCard,0201030301,02: Charge Card,01: <= Two years old,03: LATAM,03: 60-89 DPD,01: <= 620,837.49,16.55,646.32,435.37,201.57,108.45,440.69,124.18,486.96,625.59,827.56,678.97,66.13,308.13,288.69
Sample Bank,123456,2025-02,IntCard,0201030302,02: Charge Card,01: <= Two years old,03: LATAM,03: 60-89 DPD,02: > 620,915.12,867.91,370.78,72.08,894.21,888.3,854.89,845.24,480.77,178.25,478.01,495.1,490.44,539.23,258.4
Sample Bank,123456,2025-02,IntCard,0201030303,02: Charge Card,01: <= Two years old,03: LATAM,03: 60-89 DPD,03: N/A - Unknown,366.87,434.75,131.99,455.91,810.66,828.23,412.15,519.29,34.62,674.76,405.2,446.03,873.8,462.37,22.17
Sample Bank,123456,2025-02,IntCard,0201030401,02: Charge Card,01: <= Two years old,03: LATAM,04: 90-119 DPD,01: <= 620,228.26,476.14,424.97,860.51,542.6,689.95,469.85,440.22,446.84,411.51,539.04,251.19,891.16,333.75,148.38
Sample Bank,123456,2025-02,IntCard,0201030402,02: Charge Card,01: <= Two years old,03: LATAM,04: 90-119 DPD,02: > 620,97.45,14.41,423.43,188.42,22.63,520.5,680.3,86.67,461.46,743.89,985.82,667.52,245.59,716.84,598.33
Sample Bank,123456,2025-02,IntCard,0201030403,02: Charge Card,01: <= Two years old,03: LATAM,04: 90-119 DPD,03: N/A - Unknown,212.59,851.26,427.98,962.02,723.18,644.92,728.62,478.62,505.72,851.36,681.25,897.35,890.94,976.51,700.51
Sample Bank,123456,2025-02,IntCard,0201030501,02: Charge Card,01: <= Two years old,03: LATAM,05: 120+ DPD,01: <= 620,502.8,167.15,705.68,292.29,283.66,239.05,875.25,868.1,631.34,473.51,672.44,607.62,416.32,380.25,383.41
Sample Bank,123456,2025-02,IntCard,0201030502,02: Charge Card,01: <= Two years old,03: LATAM,05: 120+ DPD,02: > 620,589.54,648.02,452.29,968.72,84.76,347.7,419.66,17.9,365.59,274.44,506.53,337.07,726.46,510.42,130.63
Sample Bank,123456,2025-02,IntCard,0201030503,02: Charge Card,01: <= Two years old,03: LATAM,05: 120+ DPD,03: N/A - Unknown,750.31,100.13,839.21,931.49,323.12,926.22,793.22,922.51,666.6,236.41,894.63,185.08,213.85,271.79,304.94
Sample Bank,123456,2025-02,IntCard,0201040101,02: Charge Card,01: <= Two years old,04: APAC,01: Current and 1-29 DPD,01: <= 620,514.97,713.74,926.28,89.35,954.41,921.4,54.95,360.96,813.33,611.96,779.31,719.31,497.27,42.18,584.68
Sample Bank,123456,2025-02,IntCard,0201040102,02: Charge Card,01: <= Two years old,04: APAC,01: Current and 1-29 DPD,02: > 620,49.52,604.12,800.61,585.41,997.02,456.41,749.08,667.55,991.44,713.51,164.87,955.56,668.11,60.28,657.91
Sample Bank,123456,2025-02,IntCard,0201040103,02: Charge Card,01: <= Two years old,04: APAC,01: Current and 1-29 DPD,03: N/A - Unknown,883.24,577.46,354.67,821.09,782.73,544.64,155.21,251.74,738.75,806.28,279.99,368.62,78.55,713.75,4.57
Sample Bank,123456,2025-02,IntCard,0201040201,02: Charge Card,01: <= Two years old,04: APAC,02: 30-59 DPD,01: <= 620,47.49,5.34,645.67,417.97,298.25,912.79,193.61,389.98,940.37,427.68,555.14,81.26,790.38,423.34,800.71
Sample Bank,123456,2025-02,IntCard,0201040202,02: Charge Card,01: <= Two years old,04: APAC,02: 30-59 DPD,02: > 620,254.54,423.06,786.76,973.9,60.57,812.64,301.39,551.19,290.8,613.83,354.45,334.28,38.9,147.81,917.16
Sample Bank,123456,2025-02,IntCard,0201040203,02: Charge Card,01: <= Two years old,04: APAC,02: 30-59 DPD,03: N/A - Unknown,998.28,780.74,287.53,403.04,739.76,968.55,456.02,829.69,975.09,873.6,227.92,9.02,492.59,531.83,202.05
Sample Bank,123456,2025-02,IntCard,0201040301,02: Charge Card,01: <= Two years old,04: APAC,03: 60-89 DPD,01: <= 620,285.39,765.39,470.88,318.04,623.0,653.11,769.63,157.55,741.78,599.83,58.51,777.67,383.7,331.05,448.63
Sample Bank,123456,2025-02,IntCard,0201040302,02: Charge Card,01: <= Two years old,04: APAC,03: 60-89 DPD,02: > 620,346.83,338.95,808.27,125.38,970.63,555.38,183.74,132.08,591.92,633.37,53.97,243.76,795.67,50.58,855.23
Sample Bank,123456,2025-02,IntCard,0201040303,02: Charge Card,01: <= Two years old,04: APAC,03: 60-89 DPD,03: N/A - Unknown,658.5,434.99,347.09,20.23,825.39,143.58,310.23,569.54,246.75,497.64,809.53,471.07,949.03,847.65,333.71
Sample Bank,123456,2025-02,IntCard,0201040401,02: Charge Card,01: <= Two years old,04: APAC,04: 90-119 DPD,01: <= 620,400.56,423.9,626.55,287.51,969.28,609.08,400.0,645.36,396.01,817.98,568.27,42.93,177.58,865.13,563.34
Sample Bank,123456,2025-02,IntCard,0201040402,02: Charge Card,01: <= Two years old,04: APAC,04: 90-119 DPD,02: > 620,950.39,73.35,295.97,194.35,554.29,383.41,158.12,643.11,536.76,275.46,480.29,745.99,206.07,293.61,346.76
Sample Bank,123456,2025-02,IntCard,0201040403,02: Charge Card,01: <= Two years old,04: APAC,04: 90-119 DPD,03: N/A - Unknown,746.98,847.08,377.01,297.32,889.56,999.37,670.68,989.99,660.31,733.73,389.27,433.53,144.99,822.93,931.13
Sample Bank,123456,2025-02,IntCard,0201040501,02: Charge Card,01: <= Two years old,04: APAC,05: 120+ DPD,01: <= 620,623.81,344.3,154.86,265.89,256.16,613.91,945.09,49.22,2.02,600.58,284.78,880.67,327.92,290.45,270.24
Sample Bank,123456,2025-02,IntCard,0201040502,02: Charge Card,01: <= Two years old,04: APAC,05: 120+ DPD,02: > 620,145.71,581.95,169.05,425.21,461.51,21.47,17.79,520.69,696.34,942.2,179.94,104.16,53.04,436.61,623.52
Sample Bank,123456,2025-02,IntCard,0201040503,02: Charge Card,01: <= Two years old,04: APAC,05: 120+ DPD,03: N/A - Unknown,840.71,682.96,209.15,462.31,910.44,327.41,499.23,958.61,734.97,747.99,253.08,415.28,83.26,606.92,104.63
Sample Bank,123456,2025-02,IntCard,0202010101,02: Charge Card,02: > Two years old,01: Canada,01: Current and 1-29 DPD,01: <= 620,836.07,814.74,534.07,142.02,26.55,796.91,600.54,711.22,304.5,509.97,747.43,463.1,601.78,789.94,216.01
Sample Bank,123456,2025-02,IntCard,0202010102,02: Charge Card,02: > Two years old,01: Canada,01: Current and 1-29 DPD,02: > 620,66.86,532.29,63.06,766.79,719.49,881.83,639.92,68.13,253.9,808.12,167.97,698.78,780.48,330.78,322.98
Sample Bank,123456,2025-02,IntCard,0202010103,02: Charge Card,02: > Two years old,01: Canada,01: Current and 1-29 DPD,03: N/A - Unknown,558.24,861.43,224.68,941.32,599.52,992.13,90.52,127.44,826.82,864.89,446.01,714.36,867.69,44.08,574.38
Sample Bank,123456,2025-02,IntCard,0202010201,02: Charge Card,02: > Two years old,01: Canada,02: 30-59 DPD,01: <= 620,853.63,398.76,303.08,795.91,336.45,4.17,959.61,592.53,819.7,825.48,67.34,171.69,311.81,321.38,659.13
Sample Bank,123456,2025-02,IntCard,0202010202,02: Charge Card,02: > Two years old,01: Canada,02: 30-59 DPD,02: > 620,623.51,495.1,212.05,382.6,544.05,468.52,128.17,649.86,73.98,378.82,710.32,21.0,570.41,335.19,9.82
Sample Bank,123456,2025-02,IntCard,0202010203,02: Charge Card,02: > Two years old,01: Canada,02: 30-59 DPD,03: N/A - Unknown,191.19,941.01,521.63,997.23,525.29,544.39,392.45,310.73,252.29,344.08,460.39,192.8,225.65,272.27,449.81
Sample Bank,123456,2025-02,IntCard,0202010301,02: Charge Card,02: > Two years old,01: Canada,03: 60-89 DPD,01: <= 620,653.16,856.29,287.84,184.54,379.47,894.49,10.85,678.19,477.68,161.89,321.7,225.73,877.95,482.39,563.53
Sample Bank,123456,2025-02,IntCard,0202010302,02: Charge Card,02: > Two years old,01: Canada,03: 60-89 DPD,02: > 620,594.09,639.98,496.06,18.86,335.39,184.69,680.46,57.65,564.24,211.42,948.9,336.21,325.9,923.46,417.93
Sample Bank,123456,2025-02,IntCard,0202010303,02: Charge Card,02: > Two years old,01: Canada,03: 60-89 DPD,03: N/A - Unknown,962.9,25.15,307.04,666.53,890.97,257.15,930.55,594.53,801.21,397.81,212.97,911.32,933.2,498.08,7.49
Sample Bank,123456,2025-02,IntCard,0202010401,02: Charge Card,02: > Two years old,01: Canada,04: 90-119 DPD,01: <= 620,110.67,573.45,24.75,397.52,304.07,714.63,56.52,489.24,579.54,617.67,405.75,305.06,682.81,847.72,693.92
Sample Bank,123456,2025-02,IntCard,0202010402,02: Charge Card,02: > Two years old,01: Canada,04: 90-119 DPD,02: > 620,932.17,717.55,764.85,168.74,420.12,485.57,257.04,529.01,291.5,687.81,470.82,459.35,983.66,393.05,362.93
Sample Bank,123456,2025-02,IntCard,0202010403,02: Charge Card,02: > Two years old,01: Canada,04: 90-119 DPD,03: N/A - Unknown,319.29,894.85,497.23,600.41,181.64,541.4,275.37,730.91,832.7,715.1,730.51,512.96,712.41,423.26,651.84
Sample Bank,123456,2025-02,IntCard,0202010501,02: Charge Card,02: > Two years old,01: Canada,05: 120+ DPD,01: <= 620,259.78,70.69,414.06,462.32,257.15,727.98,74.48,223.53,748.82,437.69,705.58,567.92,950.76,598.2,15.85
Sample Bank,123456,2025-02,IntCard,0202010502,02: Charge Card,02: > Two years old,01: Canada,05: 120+ DPD,02: > 620,353.52,143.92,924.71,104.91,388.32,226.87,846.88,309.26,991.9,39.58,129.15,225.41,811.29,878.64,72.38
Sample Bank,123456,2025-02,IntCard,0202010503,02: Charge Card,02: > Two years old,01: Canada,05: 120+ DPD,03: N/A - Unknown,33.43,744.81,134.22,133.87,23.34,50.76,264.41,65.94,369.51,832.94,326.99,728.11,94.82,659.72,317.43
Sample Bank,123456,2025-02,IntCard,0202020101,02: Charge Card,02: > Two years old,02: EMEA,01: Current and 1-29 DPD,01: <= 620,750.0,137.12,897.99,243.33,353.78,950.23,578.9,366.41,949.65,329.75,95.78,996.85,268.58,851.41,166.38
Sample Bank,123456,2025-02,IntCard,0202020102,02: Charge Card,02: > Two years old,02: EMEA,01: Current and 1-29 DPD,02: > 620,731.62,524.92,980.93,553.28,25.99,604.27,146.17,798.74,856.71,482.61,783.44,145.97,492.59,394.55,611.71
Sample Bank,123456,2025-02,IntCard,0202020103,02: Charge Card,02: > Two years old,02: EMEA,01: Current and 1-29 DPD,03: N/A - Unknown,45.43,752.37,80.05,656.82,19.44,832.06,175.52,515.98,262.23,722.92,322.03,724.88,285.59,752.72,31.57
Sample Bank,123456,2025-02,IntCard,0202020201,02: Charge Card,02: > Two years old,02: EMEA,02: 30-59 DPD,01: <= 620,284.03,499.13,46.01,186.85,934.6,976.86,740.01,252.95,261.26,646.14,118.48,948.36,225.59,999.64,496.24
Sample Bank,123456,2025-02,IntCard,0202020202,02: Charge Card,02: > Two years old,02: EMEA,02: 30-59 DPD,02: > 620,771.66,3.18,888.86,270.73,668.27,806.55,164.98,443.07,494.34,312.81,482.27,318.23,361.39,669.66,632.96
Sample Bank,123456,2025-02,IntCard,0202020203,02: Charge Card,02: > Two years old,02: EMEA,02: 30-59 DPD,03: N/A - Unknown,233.03,897.59,862.93,509.57,433.82,377.48,707.56,671.99,196.98,671.79,253.18,19.54,699.51,645.15,411.4
Sample Bank,123456,2025-02,IntCard,0202020301,02: Charge Card,02: > Two years old,02: EMEA,03: 60-89 DPD,01: <= 620,526.16,947.22,595.6,658.23,64.85,166.83,301.65,539.84,776.81,321.92,357.03,256.89,255.35,948.91,635.82
Sample Bank,123456,2025-02,IntCard,0202020302,02: Charge Card,02: > Two years old,02: EMEA,03: 60-89 DPD,02: > 620,156.75,722.53,722.3,666.8,135.59,408.58,107.65,816.8,655.52,507.7,343.67,185.07,107.34,969.27,200.45
Sample Bank,123456,2025-02,IntCard,0202020303,02: Charge Card,02: > Two years old,02: EMEA,03: 60-89 DPD,03: N/A - Unknown,60.81,961.71,549.4,796.86,44.72,567.38,398.81,772.19,39.39,402.29,799.27,523.17,550.49,98.07,133.2
Sample Bank,123456,2025-02,IntCard,0202020401,02: Charge Card,02: > Two years old,02: EMEA,04: 90-119 DPD,01: <= 620,677.32,675.37,979.12,712.24,493.75,857.47,105.37,449.85,287.82,105.53,763.74,511.28,557.21,411.84,460.88
Sample Bank,123456,2025-02,IntCard,0202020402,02: Charge Card,02: > Two years old,02: EMEA,04: 90-119 DPD,02: > 620,116.9,673.24,433.01,816.95,197.09,205.85,646.11,846.16,472.73,727.23,999.33,990.28,744.59,739.85,248.37
Sample Bank,123456,2025-02,IntCard,0202020403,02: Charge Card,02: > Two years old,02: EMEA,04: 90-119 DPD,03: N/A - Unknown,833.71,405.7,962.03,82.35,436.4,556.28,405.75,211.37,593.4,756.16,645.19,235.21,731.88,257.64,176.03
Sample Bank,123456,2025-02,IntCard,0202020501,02: Charge Card,02: > Two years old,02: EMEA,05: 120+ DPD,01: <= 620,690.98,842.94,482.06,531.86,303.44,495.12,132.85,955.87,800.56,668.31,538.66,792.38,495.26,300.67,161.21
Sample Bank,123456,2025-02,IntCard,0202020502,02: Charge Card,02: > Two years old,02: EMEA,05: 120+ DPD,02: > 620,647.94,929.5,154.46,180.84,434.17,807.09,294.63,254.66,620.35,536.08,61.16,82.41,643.37,465.66,971.01
Sample Bank,123456,2025-02,IntCard,0202020503,02: Charge Card,02: > Two years old,02: EMEA,05: 120+ DPD,03: N/A - Unknown,678.85,11.06,481.54,415.03,107.61,923.29,805.21,230.86,256.72,32.99,297.42,585.04,421.42,969.29,57.02
Sample Bank,123456,2025-02,IntCard,0202030101,02: Charge Card,02: > Two years old,03: LATAM,01: Current and 1-29 DPD,01: <= 620,591.84,858.45,481.26,3.96,243.56,324.45,966.03,911.86,949.22,825.93,352.3,905.97,981.7,350.72,261.3
Sample Bank,123456,2025-02,IntCard,0202030102,02: Charge Card,02: > Two years old,03: LATAM,01: Current and 1-29 DPD,02: > 620,547.37,187.97,33.59,945.89,925.81,163.49,408.33,831.21,661.34,395.39,744.43,897.15,926.23,379.47,174.39
Sample Bank,123456,2025-02,IntCard,0202030103,02: Charge Card,02: > Two years old,03: LATAM,01: Current and 1-29 DPD,03: N/A - Unknown,912.93,93.46,721.97,141.36,390.0,412.14,159.6,922.76,3.67,893.91,883.95,317.65,704.58,253.56,759.01
Sample Bank,123456,2025-02,IntCard,0202030201,02: Charge Card,02: > Two years old,03: LATAM,02: 30-59 DPD,01: <= 620,561.56,300.93,400.83,690.2,906.19,131.6,571.79,254.48,801.57,71.17,689.27,175.77,596.79,835.86,755.33
Sample Bank,123456,2025-02,IntCard,0202030202,02: Charge Card,02: > Two years old,03: LATAM,02: 30-59 DPD,02: > 620,753.19,518.33,890.85,588.52,917.6,546.98,506.46,223.13,545.24,141.44,869.82,676.22,993.64,93.01,241.43
Sample Bank,123456,2025-02,IntCard,0202030203,02: Charge Card,02: > Two years old,03: LATAM,02: 30-59 DPD,03: N/A - Unknown,877.28,395.86,466.84,860.79,522.3,194.28,892.14,32.03,895.5,51.47,666.18,72.61,706.51,34.94,842.62
Sample Bank,123456,2025-02,IntCard,0202030301,02: Charge Card,02: > Two years old,03: LATAM,03: 60-89 DPD,01: <= 620,466.48,94.36,707.11,489.8,191.76,16.66,418.58,86.54,95.08,268.06,630.83,530.38,69.92,968.46,887.28
Sample Bank,123456,2025-02,IntCard,0202030302,02: Charge Card,02: > Two years old,03: LATAM,03: 60-89 DPD,02: > 620,259.97,123.22,942.46,461.68,311.86,490.87,772.97,169.22,767.73,749.7,539.81,865.98,133.01,595.88,449.89
Sample Bank,123456,2025-02,IntCard,0202030303,02: Charge Card,02: > Two years old,03: LATAM,03: 60-89 DPD,03: N/A - Unknown,422.87,253.31,372.91,109.04,252.35,272.69,720.95,49.5,651.54,222.19,82.78,301.51,225.25,552.48,358.02
Sample Bank,123456,2025-02,IntCard,0202030401,02: Charge Card,02: > Two years old,03: LATAM,04: 90-119 DPD,01: <= 620,966.03,963.59,444.27,795.29,14.26,548.26,743.56,217.73,62.11,156.76,442.41,506.87,381.5,440.53,470.76
Sample Bank,123456,2025-02,IntCard,0202030402,02: Charge Card,02: > Two years old,03: LATAM,04: 90-119 DPD,02: > 620,769.67,106.14,769.18,688.94,741.92,734.73,471.12,212.19,537.09,958.02,588.94,12.04,60.65,992.87,72.87
Sample Bank,123456,2025-02,IntCard,0202030403,02: Charge Card,02: > Two years old,03: LATAM,04: 90-119 DPD,03: N/A - Unknown,47.0,353.67,969.35,319.36,410.47,634.44,25.09,897.87,519.92,467.34,860.87,953.12,424.0,173.27,815.89
Sample Bank,123456,2025-02,IntCard,0202030501,02: Charge Card,02: > Two years old,03: LATAM,05: 120+ DPD,01: <= 620,403.86,935.61,949.95,115.71,956.6,368.9,646.61,35.72,889.0,641.96,643.91,902.27,508.84,411.11,866.26
Sample Bank,123456,2025-02,IntCard,0202030502,02: Charge Card,02: > Two years old,03: LATAM,05: 120+ DPD,02: > 620,742.68,949.03,940.18,382.94,447.54,256.73,660.99,365.18,786.31,122.43,117.29,205.25,85.21,620.41,148.21
Sample Bank,123456,2025-02,IntCard,0202030503,02: Charge Card,02: > Two years old,03: LATAM,05: 120+ DPD,03: N/A - Unknown,160.8,15.21,782.31,812.48,162.86,739.78,434.11,240.36,621.76,179.31,757.13,48.57,959.17,72.8,579.87
Sample Bank,123456,2025-02,IntCard,0202040101,02: Charge Card,02: > Two years old,04: APAC,01: Current and 1-29 DPD,01: <= 620,902.29,12.89,499.02,350.66,580.75,226.23,65.83,626.31,417.43,622.86,211.33,339.4,562.12,593.52,372.94
Sample Bank,123456,2025-02,IntCard,0202040102,02: Charge Card,02: > Two years old,04: APAC,01: Current and 1-29 DPD,02: > 620,280.77,274.43,175.52,326.08,200.24,634.18,569.5,383.21,326.5,238.38,535.92,918.98,686.02,744.67,834.54
Sample Bank,123456,2025-02,IntCard,0202040103,02: Charge Card,02: > Two years old,04: APAC,01: Current and 1-29 DPD,03: N/A - Unknown,352.28,63.81,622.94,189.48,569.47,739.77,783.85,302.54,512.92,621.34,819.66,761.63,987.99,9.08,438.05
Sample Bank,123456,2025-02,IntCard,0202040201,02: Charge Card,02: > Two years old,04: APAC,02: 30-59 DPD,01: <= 620,256.79,120.77,911.6,997.96,181.42,39.39,275.78,835.03,294.6,57.84,53.44,428.0,931.89,286.63,427.73
Sample Bank,123456,2025-02,IntCard,0202040202,02: Charge Card,02: > Two years old,04: APAC,02: 30-59 DPD,02: > 620,102.83,494.08,696.85,271.88,297.41,842.13,11.35,636.83,394.49,299.08,657.94,834.83,558.83,32.06,461.94
Sample Bank,123456,2025-02,IntCard,0202040203,02: Charge Card,02: > Two years old,04: APAC,02: 30-59 DPD,03: N/A - Unknown,463.3,544.25,671.29,20.3,502.51,588.72,344.01,668.7,228.95,318.05,962.79,348.72,347.15,596.08,971.0
Sample Bank,123456,2025-02,IntCard,0202040301,02: Charge Card,02: > Two years old,04: APAC,03: 60-89 DPD,01: <= 620,983.1,580.08,2.09,900.76,570.67,366.63,829.37,400.43,35.01,821.25,546.31,338.81,251.64,594.2,208.84
Sample Bank,123456,2025-02,IntCard,0202040302,02: Charge Card,02: > Two years old,04: APAC,03: 60-89 DPD,02: > 620,324.53,636.89,881.66,533.36,759.35,763.3,664.69,246.59,866.92,436.84,45.17,245.37,765.78,70.06,148.22
Sample Bank,123456,2025-02,IntCard,0202040303,02: Charge Card,02: > Two years old,04: APAC,03: 60-89 DPD,03: N/A - Unknown,694.53,892.71,634.1,223.07,54.36,615.51,48.35,613.11,226.35,904.75,475.62,224.71,853.29,254.78,307.29
Sample Bank,123456,2025-02,IntCard,0202040401,02: Charge Card,02: > Two years old,04: APAC,04: 90-119 DPD,01: <= 620,834.44,309.48,410.75,348.32,117.28,39.86,724.82,645.49,283.08,296.3,945.06,987.68,473.96,802.65,736.95
Sample Bank,123456,2025-02,IntCard,0202040402,02: Charge Card,02: > Two years old,04: APAC,04: 90-119 DPD,02: > 620,298.02,59.5,143.41,838.46,731.48,664.67,131.52,640.29,772.38,860.74,14.22,684.79,20.08,707.17,635.99
Sample Bank,123456,2025-02,IntCard,0202040403,02: Charge Card,02: > Two years old,04: APAC,04: 90-119 DPD,03: N/A - Unknown,149.2,766.36,69.28,826.57,262.67,689.16,923.77,340.49,503.39,463.65,158.45,590.72,743.26,916.96,850.95
Sample Bank,123456,2025-02,IntCard,0202040501,02: Charge Card,02: > Two years old,04: APAC,05: 120+ DPD,01: <= 620,510.51,719.3,800.98,494.0,116.31,438.49,842.64,597.04,724.73,186.08,964.37,404.68,653.98,19.85,128.19
Sample Bank,123456,2025-02,IntCard,0202040502,02: Charge Card,02: > Two years old,04: APAC,05: 120+ DPD,02: > 620,782.25,968.0,320.74,38.14,361.51,18.45,193.18,752.72,937.15,88.36,558.34,254.63,139.92,219.76,578.19
Sample Bank,123456,2025-02,IntCard,0202040503,02: Charge Card,02: > Two years old,04: APAC,05: 120+ DPD,03: N/A - Unknown,66.07,434.78,136.09,273.4,191.56,883.09,708.3,868.59,384.08,314.1,381.21,19.53,724.98,350.42,314.01
Sample Bank,123456,2025-02,IntCard,0301010101,"03: Corporate, SME, and Business Cards",01: <= Two years old,01: Canada,01: Current and 1-29 DPD,01: <= 620,598.54,436.81,980.86,356.9,614.28,312.34,990.6,445.67,634.49,127.59,733.29,269.94,449.16,883.25,970.58
Sample Bank,123456,2025-02,IntCard,0301010102,"03: Corporate, SME, and Business Cards",01: <= Two years old,01: Canada,01: Current and 1-29 DPD,02: > 620,425.15,834.97,54.3,847.73,629.88,489.22,890.07,845.49,297.65,791.7,100.39,822.94,675.78,88.78,683.4
Sample Bank,123456,2025-02,IntCard,0301010103,"03: Corporate, SME, and Business Cards",01: <= Two years old,01: Canada,01: Current and 1-29 DPD,03: N/A - Unknown,580.94,594.96,291.57,267.23,762.77,257.56,446.82,695.09,80.54,594.95,589.79,684.54,370.56,449.53,330.64
Sample Bank,123456,2025-02,IntCard,0301010201,"03: Corporate, SME, and Business Cards",01: <= Two years old,01: Canada,02: 30-59 DPD,01: <= 620,808.36,131.48,962.99,635.2,887.02,426.81,332.95,900.83,99.77,117.99,300.05,959.82,633.44,554.64,705.65
Sample Bank,123456,2025-02,IntCard,0301010202,"03: Corporate, SME, and Business Cards",01: <= Two years old,01: Canada,02: 30-59 DPD,02: > 620,418.06,758.32,393.84,826.54,268.03,278.27,522.86,431.33,648.47,364.93,231.32,470.34,561.4,143.46,557.16
Sample Bank,123456,2025-02,IntCard,0301010203,"03: Corporate, SME, and Business Cards",01: <= Two years old,01: Canada,02: 30-59 DPD,03: N/A - Unknown,319.94,393.06,280.04,931.48,683.65,263.2,645.39,848.72,402.23,830.13,155.26,822.96,540.75,223.75,407.73
Sample Bank,123456,2025-02,IntCard,0301010301,"03: Corporate, SME, and Business Cards",01: <= Two years old,01: Canada,03: 60-89 DPD,01: <= 620,988.0,783.77,575.51,116.05,418.39,263.79,71.93,542.66,889.3,675.92,250.43,574.01,943.29,723.19,689.78
Sample Bank,123456,2025-02,IntCard,0301010302,"03: Corporate, SME, and Business Cards",01: <= Two years old,01: Canada,03: 60-89 DPD,02: > 620,968.19,799.07,137.49,348.29,965.18,490.22,112.53,459.15,697.3,997.55,324.58,514.57,879.8,355.91,110.15
Sample Bank,123456,2025-02,IntCard,0301010303,"03: Corporate, SME, and Business Cards",01: <= Two years old,01: Canada,03: 60-89 DPD,03: N/A - Unknown,948.99,488.95,503.28,621.58,4.53,931.2,362.09,397.53,174.94,378.77,804.14,800.19,935.86,403.83,709.01
Sample Bank,123456,2025-02,IntCard,0301010401,"03: Corporate, SME, and Business Cards",01: <= Two years old,01: Canada,04: 90-119 DPD,01: <= 620,507.73,804.22,712.83,368.54,337.34,253.19,576.94,963.88,200.87,96.16,120.28,783.32,350.75,225.14,353.49
Sample Bank,123456,2025-02,IntCard,0301010402,"03: Corporate, SME, and Business Cards",01: <= Two years old,01: Canada,04: 90-119 DPD,02: > 620,645.69,547.24,743.85,339.74,452.58,102.87,73.99,462.79,302.3,613.19,43.96,122.64,865.33,566.75,712.34
Sample Bank,123456,2025-02,IntCard,0301010403,"03: Corporate, SME, and Business Cards",01: <= Two years old,01: Canada,04: 90-119 DPD,03: N/A - Unknown,842.13,464.37,761.3,525.06,223.53,338.32,490.86,317.57,336.19,338.06,123.72,85.56,47.45,111.85,344.36
Sample Bank,123456,2025-02,IntCard,0301010501,"03: Corporate, SME, and Business Cards",01: <= Two years old,01: Canada,05: 120+ DPD,01: <= 620,594.28,188.96,888.12,808.57,521.01,724.49,366.96,37.74,904.43,128.67,947.99,572.31,306.26,496.03,502.13
Sample Bank,123456,2025-02,IntCard,0301010502,"03: Corporate, SME, and Business Cards",01: <= Two years old,01: Canada,05: 120+ DPD,02: > 620,24.26,356.1,740.13,510.56,244.99,335.77,863.19,526.02,528.82,961.51,321.56,480.06,811.9,759.15,266.53
Sample Bank,123456,2025-02,IntCard,0301010503,"03: Corporate, SME, and Business Cards",01: <= Two years old,01: Canada,05: 120+ DPD,03: N/A - Unknown,151.94,701.0,258.4,922.75,130.12,319.0,55.73,703.6,891.37,636.24,937.82,129.38,88.65,838.57,855.66
Sample Bank,123456,2025-02,IntCard,0301020101,"03: Corporate, SME, and Business Cards",01: <= Two years old,02: EMEA,01: Current and 1-29 DPD,01: <= 620,831.21,799.17,362.87,218.24,928.88,307.69,399.01,699.86,294.06,819.31,70.96,791.39,602.25,573.42,458.92
Sample Bank,123456,2025-02,IntCard,0301020102,"03: Corporate, SME, and Business Cards",01: <= Two years old,02: EMEA,01: Current and 1-29 DPD,02: > 620,277.77,464.61,450.58,584.17,282.29,78.52,145.94,699.48,23.47,856.59,694.7,768.32,836.15,123.59,822.63
Sample Bank,123456,2025-02,IntCard,0301020103,"03: Corporate, SME, and Business Cards",01: <= Two years old,02: EMEA,01: Current and 1-29 DPD,03: N/A - Unknown,505.14,885.64,886.7,25.15,383.48,526.87,678.68,286.9,252.89,381.88,501.44,951.2,762.35,429.89,55.31
Sample Bank,123456,2025-02,IntCard,0301020201,"03: Corporate, SME, and Business Cards",01: <= Two years old,02: EMEA,02: 30-59 DPD,01: <= 620,169.35,456.47,814.01,381.31,538.96,891.91,913.88,216.56,44.55,306.11,696.11,951.16,77.95,29.46,884.26
Sample Bank,123456,2025-02,IntCard,0301020202,"03: Corporate, SME, and Business Cards",01: <= Two years old,02: EMEA,02: 30-59 DPD,02: > 620,748.4,992.26,397.4,416.63,173.14,116.73,579.14,364.92,81.24,887.1,199.16,748.84,282.95,813.09,119.28
Sample Bank,123456,2025-02,IntCard,0301020203,"03: Corporate, SME, and Business Cards",01: <= Two years old,02: EMEA,02: 30-59 DPD,03: N/A - Unknown,756.32,99.02,447.47,734.27,174.05,286.38,864.9,885.23,45.89,168.92,118.35,180.51,970.22,552.1,468.64
Sample Bank,123456,2025-02,IntCard,0301020301,"03: Corporate, SME, and Business Cards",01: <= Two years old,02: EMEA,03: 60-89 DPD,01: <= 620,984.48,557.4,661.46,333.44,382.73,594.81,70.72,256.63,197.61,16.88,537.36,561.49,384.56,269.46,652.41
Sample Bank,123456,2025-02,IntCard,0301020302,"03: Corporate, SME, and Business Cards",01: <= Two years old,02: EMEA,03: 60-89 DPD,02: > 620,135.52,519.1,768.31,165.13,753.51,761.03,60.87,19.77,973.96,194.19,822.32,562.29,265.21,130.84,497.18
Sample Bank,123456,2025-02,IntCard,0301020303,"03: Corporate, SME, and Business Cards",01: <= Two years old,02: EMEA,03: 60-89 DPD,03: N/A - Unknown,407.95,699.19,904.26,805.44,275.18,879.05,833.56,929.21,459.2,768.81,592.07,311.19,994.44,39.27,163.11
Sample Bank,123456,2025-02,IntCard,0301020401,"03: Corporate, SME, and Business Cards",01: <= Two years old,02: EMEA,04: 90-119 DPD,01: <= 620,892.65,61.5,886.93,715.51,37.65,429.89,754.72,583.52,935.94,867.78,333.31,85.54,944.31,517.77,75.32
Sample Bank,123456,2025-02,IntCard,0301020402,"03: Corporate, SME, and Business Cards",01: <= Two years old,02: EMEA,04: 90-119 DPD,02: > 620,816.76,868.64,639.79,448.06,662.51,706.98,893.14,955.91,514.81,798.7,964.55,152.09,19.25,869.09,196.08
Sample Bank,123456,2025-02,IntCard,0301020403,"03: Corporate, SME, and Business Cards",01: <= Two years old,02: EMEA,04: 90-119 DPD,03: N/A - Unknown,43.44,160.94,384.73,220.05,305.95,975.32,704.7,712.48,95.59,732.37,739.6,660.09,229.21,423.61,846.43
Sample Bank,123456,2025-02,IntCard,0301020501,"03: Corporate, SME, and Business Cards",01: <= Two years old,02: EMEA,05: 120+ DPD,01: <= 620,670.53,733.04,587.79,450.14,759.29,68.86,673.49,997.21,780.41,291.27,278.54,667.55,895.96,578.37,527.87
Sample Bank,123456,2025-02,IntCard,0301020502,"03: Corporate, SME, and Business Cards",01: <= Two years old,02: EMEA,05: 120+ DPD,02: > 620,161.22,715.74,702.6,966.98,300.89,756.69,434.63,558.91,816.64,222.77,343.53,773.54,570.89,93.33,430.76
Sample Bank,123456,2025-02,IntCard,0301020503,"03: Corporate, SME, and Business Cards",01: <= Two years old,02: EMEA,05: 120+ DPD,03: N/A - Unknown,587.05,909.61,189.3,806.15,131.49,242.99,244.1,877.6,199.82,787.17,462.34,999.09,839.25,739.96,870.86
Sample Bank,123456,2025-02,IntCard,0301030101,"03: Corporate, SME, and Business Cards",01: <= Two years old,03: LATAM,01: Current and 1-29 DPD,01: <= 620,634.4,843.81,261.87,98.61,616.32,435.26,427.01,527.22,362.02,626.43,31.54,969.92,924.78,935.33,365.64
Sample Bank,123456,2025-02,IntCard,0301030102,"03: Corporate, SME, and Business Cards",01: <= Two years old,03: LATAM,01: Current and 1-29 DPD,02: > 620,532.36,954.18,902.44,790.45,407.92,564.77,793.12,273.74,626.82,828.11,707.75,480.0,585.02,988.69,602.39
Sample Bank,123456,2025-02,IntCard,0301030103,"03: Corporate, SME, and Business Cards",01: <= Two years old,03: LATAM,01: Current and 1-29 DPD,03: N/A - Unknown,785.83,726.88,701.79,716.65,454.96,474.69,468.39,34.22,241.82,155.41,886.56,275.69,139.3,120.65,700.29
Sample Bank,123456,2025-02,IntCard,0301030201,"03: Corporate, SME, and Business Cards",01: <= Two years old,03: LATAM,02: 30-59 DPD,01: <= 620,7.08,471.83,119.75,849.81,958.49,958.8,442.52,644.87,600.1,350.69,444.62,65.26,795.9,241.56,461.07
Sample Bank,123456,2025-02,IntCard,0301030202,"03: Corporate, SME, and Business Cards",01: <= Two years old,03: LATAM,02: 30-59 DPD,02: > 620,481.14,561.15,818.06,692.19,663.4,527.22,96.86,402.61,957.36,995.55,730.77,228.29,102.79,415.35,856.72
Sample Bank,123456,2025-02,IntCard,0301030203,"03: Corporate, SME, and Business Cards",01: <= Two years old,03: LATAM,02: 30-59 DPD,03: N/A - Unknown,722.14,884.01,616.16,131.2,115.68,48.95,567.51,243.64,734.65,686.56,318.79,177.62,103.3,737.58,450.99
Sample Bank,123456,2025-02,IntCard,0301030301,"03: Corporate, SME, and Business Cards",01: <= Two years old,03: LATAM,03: 60-89 DPD,01: <= 620,324.21,856.8,594.02,518.48,743.64,815.77,686.39,440.57,379.92,771.89,518.39,704.68,890.51,915.97,278.44
Sample Bank,123456,2025-02,IntCard,0301030302,"03: Corporate, SME, and Business Cards",01: <= Two years old,03: LATAM,03: 60-89 DPD,02: > 620,188.7,262.03,751.62,370.69,174.22,99.29,327.99,137.0,157.22,684.2,20.71,118.44,844.52,845.07,329.91
Sample Bank,123456,2025-02,IntCard,0301030303,"03: Corporate, SME, and Business Cards",01: <= Two years old,03: LATAM,03: 60-89 DPD,03: N/A - Unknown,88.87,705.27,360.77,46.42,158.67,138.08,589.53,898.22,793.28,546.97,422.73,619.06,444.37,246.85,679.52
Sample Bank,123456,2025-02,IntCard,0301030401,"03: Corporate, SME, and Business Cards",01: <= Two years old,03: LATAM,04: 90-119 DPD,01: <= 620,873.37,373.5,841.7,431.65,401.93,29.3,695.58,807.7,663.89,152.21,104.19,573.29,402.11,429.67,967.83
Sample Bank,123456,2025-02,IntCard,0301030402,"03: Corporate, SME, and Business Cards",01: <= Two years old,03: LATAM,04: 90-119 DPD,02: > 620,724.2,412.38,20.08,35.06,685.12,837.9,707.99,406.48,32.1,967.43,986.35,549.82,71.6,541.43,892.45
Sample Bank,123456,2025-02,IntCard,0301030403,"03: Corporate, SME, and Business Cards",01: <= Two years old,03: LATAM,04: 90-119 DPD,03: N/A - Unknown,680.31,720.27,85.88,107.41,128.22,904.47,526.32,791.78,116.18,927.72,821.32,225.54,874.31,264.18,206.13
Sample Bank,123456,2025-02,IntCard,0301030501,"03: Corporate, SME, and Business Cards",01: <= Two years old,03: LATAM,05: 120+ DPD,01: <= 620,264.98,910.05,915.68,329.67,705.73,676.07,806.76,297.21,510.63,668.01,27.23,377.36,696.19,253.34,957.75
Sample Bank,123456,2025-02,IntCard,0301030502,"03: Corporate, SME, and Business Cards",01: <= Two years old,03: LATAM,05: 120+ DPD,02: > 620,31.13,958.13,217.55,49.77,293.18,786.5,752.69,209.63,197.59,642.94,458.62,792.5,25.11,610.8,730.94
Sample Bank,123456,2025-02,IntCard,0301030503,"03: Corporate, SME, and Business Cards",01: <= Two years old,03: LATAM,05: 120+ DPD,03: N/A - Unknown,993.39,679.1,232.61,109.08,641.28,523.66,899.25,726.88,510.23,404.19,404.97,227.08,18.31,575.34,213.2
Sample Bank,123456,2025-02,IntCard,0301040101,"03: Corporate, SME, and Business Cards",01: <= Two years old,04: APAC,01: Current and 1-29 DPD,01: <= 620,209.12,126.26,190.41,32.76,674.56,402.0,561.96,637.32,972.51,69.2,418.5,246.65,477.24,920.55,724.26
Sample Bank,123456,2025-02,IntCard,0301040102,"03: Corporate, SME, and Business Cards",01: <= Two years old,04: APAC,01: Current and 1-29 DPD,02: > 620,662.29,441.8,671.44,33.34,586.65,554.22,347.29,202.31,807.75,54.81,70.6,441.08,253.3,745.71,634.56
Sample Bank,123456,2025-02,IntCard,0301040103,"03: Corporate, SME, and Business Cards",01: <= Two years old,04: APAC,01: Current and 1-29 DPD,03: N/A - Unknown,772.76,325.35,740.78,862.44,345.93,340.56,900.05,50.74,350.84,119.55,29.95,113.76,431.81,687.27,289.99
Sample Bank,123456,2025-02,IntCard,0301040201,"03: Corporate, SME, and Business Cards",01: <= Two years old,04: APAC,02: 30-59 DPD,01: <= 620,849.83,438.18,968.26,954.2,773.5,932.47,707.39,895.69,237.24,346.07,753.18,425.14,837.49,877.76,300.43
Sample Bank,123456,2025-02,IntCard,0301040202,"03: Corporate, SME, and Business Cards",01: <= Two years old,04: APAC,02: 30-59 DPD,02: > 620,823.63,155.11,334.86,518.45,227.22,579.69,579.12,207.7,795.85,632.01,318.44,232.95,878.87,835.91,230.53
Sample Bank,123456,2025-02,IntCard,0301040203,"03: Corporate, SME, and Business Cards",01: <= Two years old,04: APAC,02: 30-59 DPD,03: N/A - Unknown,36.57,804.73,615.89,101.78,587.77,452.73,774.78,209.88,453.7,157.09,957.57,778.96,736.99,690.52,423.91
Sample Bank,123456,2025-02,IntCard,0301040301,"03: Corporate, SME, and Business Cards",01: <= Two years old,04: APAC,03: 60-89 DPD,01: <= 620,923.36,73.84,803.46,216.02,324.7,519.91,782.87,838.7,584.15,403.63,946.56,247.27,803.29,612.44,377.52
Sample Bank,123456,2025-02,IntCard,0301040302,"03: Corporate, SME, and Business Cards",01: <= Two years old,04: APAC,03: 60-89 DPD,02: > 620,2.37,447.15,277.44,105.24,76.08,348.21,615.14,837.68,184.38,425.22,392.56,513.88,809.78,554.09,846.81
Sample Bank,123456,2025-02,IntCard,0301040303,"03: Corporate, SME, and Business Cards",01: <= Two years old,04: APAC,03: 60-89 DPD,03: N/A - Unknown,519.03,604.24,437.95,823.27,923.9,639.51,820.96,59.94,906.21,189.74,257.26,54.28,965.43,852.16,913.27
Sample Bank,123456,2025-02,IntCard,0301040401,"03: Corporate, SME, and Business Cards",01: <= Two years old,04: APAC,04: 90-119 DPD,01: <= 620,847.37,480.05,924.16,969.5,503.06,176.45,658.96,975.46,872.27,861.95,933.88,894.06,776.51,718.55,265.5
Sample Bank,123456,2025-02,IntCard,0301040402,"03: Corporate, SME, and Business Cards",01: <= Two years old,04: APAC,04: 90-119 DPD,02: > 620,621.72,521.97,862.08,492.22,128.62,5.97,678.2,550.36,331.63,169.8,467.25,101.19,336.77,379.83,466.15
Sample Bank,123456,2025-02,IntCard,0301040403,"03: Corporate, SME, and Business Cards",01: <= Two years old,04: APAC,04: 90-119 DPD,03: N/A - Unknown,467.15,257.75,850.36,356.19,230.36,176.63,323.26,68.49,33.87,605.54,619.53,530.06,762.52,40.11,936.04
Sample Bank,123456,2025-02,IntCard,0301040501,"03: Corporate, SME, and Business Cards",01: <= Two years old,04: APAC,05: 120+ DPD,01: <= 620,95.97,674.35,134.26,880.03,511.2,83.21,617.11,10.1,776.25,650.93,213.41,375.38,8.8,693.99,323.35
Sample Bank,123456,2025-02,IntCard,0301040502,"03: Corporate, SME, and Business Cards",01: <= Two years old,04: APAC,05: 120+ DPD,02: > 620,572.02,956.77,300.17,990.25,633.1,242.85,437.34,740.71,447.03,69.44,169.44,791.51,648.72,570.26,168.45
Sample Bank,123456,2025-02,IntCard,0301040503,"03: Corporate, SME, and Business Cards",01: <= Two years old,04: APAC,05: 120+ DPD,03: N/A - Unknown,837.92,960.78,41.85,78.95,884.84,815.74,618.32,945.02,646.78,216.77,728.91,646.06,985.76,214.68,598.29
Sample Bank,123456,2025-02,IntCard,0302010101,"03: Corporate, SME, and Business Cards",02: > Two years old,01: Canada,01: Current and 1-29 DPD,01: <= 620,780.39,339.64,380.3,888.01,404.79,625.11,889.35,210.62,981.9,702.25,496.63,431.49,954.41,206.52,312.37
Sample Bank,123456,2025-02,IntCard,0302010102,"03: Corporate, SME, and Business Cards",02: > Two years old,01: Canada,01: Current and 1-29 DPD,02: > 620,308.48,289.72,469.07,989.19,888.9,328.62,423.45,669.81,18.13,820.33,879.92,857.34,375.68,462.54,13.38
Sample Bank,123456,2025-02,IntCard,0302010103,"03: Corporate, SME, and Business Cards",02: > Two years old,01: Canada,01: Current and 1-29 DPD,03: N/A - Unknown,400.0,460.97,907.07,894.09,966.13,885.22,9.19,641.82,69.17,273.32,578.73,700.91,654.98,50.01,104.5
Sample Bank,123456,2025-02,IntCard,0302010201,"03: Corporate, SME, and Business Cards",02: > Two years old,01: Canada,02: 30-59 DPD,01: <= 620,129.46,92.32,179.06,688.8,831.01,409.41,693.09,200.82,973.31,350.65,846.02,945.42,864.85,68.0,650.66
Sample Bank,123456,2025-02,IntCard,0302010202,"03: Corporate, SME, and Business Cards",02: > Two years old,01: Canada,02: 30-59 DPD,02: > 620,120.97,6.66,52.73,916.23,908.56,226.6,547.51,955.07,497.21,394.18,483.77,790.43,477.8,783.49,432.27
Sample Bank,123456,2025-02,IntCard,0302010203,"03: Corporate, SME, and Business Cards",02: > Two years old,01: Canada,02: 30-59 DPD,03: N/A - Unknown,252.75,327.15,78.75,497.88,148.96,811.74,421.17,765.24,954.51,849.63,951.51,568.37,166.16,935.46,868.64
Sample Bank,123456,2025-02,IntCard,0302010301,"03: Corporate, SME, and Business Cards",02: > Two years old,01: Canada,03: 60-89 DPD,01: <= 620,864.55,693.58,625.29,15.71,748.31,92.44,260.49,551.94,452.28,16.76,824.16,878.92,682.19,541.53,960.78
Sample Bank,123456,2025-02,IntCard,0302010302,"03: Corporate, SME, and Business Cards",02: > Two years old,01: Canada,03: 60-89 DPD,02: > 620,120.84,738.17,129.23,382.46,585.9,737.35,4.71,261.34,538.66,533.34,637.99,304.55,540.99,190.6,187.69
Sample Bank,123456,2025-02,IntCard,0302010303,"03: Corporate, SME, and Business Cards",02: > Two years old,01: Canada,03: 60-89 DPD,03: N/A - Unknown,576.99,685.79,121.28,123.67,565.74,270.83,393.01,401.35,179.37,2.31,853.3,715.29,690.85,546.96,701.27
Sample Bank,123456,2025-02,IntCard,0302010401,"03: Corporate, SME, and Business Cards",02: > Two years old,01: Canada,04: 90-119 DPD,01: <= 620,935.75,666.01,265.83,570.99,442.88,556.86,518.09,858.92,652.15,189.57,63.95,424.94,16.6,318.98,368.65
Sample Bank,123456,2025-02,IntCard,0302010402,"03: Corporate, SME, and Business Cards",02: > Two years old,01: Canada,04: 90-119 DPD,02: > 620,376.21,979.37,304.6,265.96,130.25,511.5,154.52,616.68,156.0,577.1,826.44,43.48,420.33,461.59,791.28
Sample Bank,123456,2025-02,IntCard,0302010403,"03: Corporate, SME, and Business Cards",02: > Two years old,01: Canada,04: 90-119 DPD,03: N/A - Unknown,468.45,567.97,791.41,560.2,358.94,86.76,730.19,871.27,970.09,926.67,797.62,643.83,781.68,432.65,595.18
Sample Bank,123456,2025-02,IntCard,0302010501,"03: Corporate, SME, and Business Cards",02: > Two years old,01: Canada,05: 120+ DPD,01: <= 620,349.35,327.38,756.94,454.48,212.95,202.74,859.31,678.08,546.5,401.54,431.39,58.38,455.46,795.66,388.6
Sample Bank,123456,2025-02,IntCard,0302010502,"03: Corporate, SME, and Business Cards",02: > Two years old,01: Canada,05: 120+ DPD,02: > 620,384.2,16.7,458.38,26.31,570.78,507.28,840.17,582.2,324.1,516.71,700.01,94.87,621.45,916.71,299.83
Sample Bank,123456,2025-02,IntCard,0302010503,"03: Corporate, SME, and Business Cards",02: > Two years old,01: Canada,05: 120+ DPD,03: N/A - Unknown,627.0,821.51,512.29,718.26,311.7,306.75,667.92,705.7,937.07,225.61,468.75,251.26,81.01,403.83,374.71
Sample Bank,123456,2025-02,IntCard,0302020101,"03: Corporate, SME, and Business Cards",02: > Two years old,02: EMEA,01: Current and 1-29 DPD,01: <= 620,271.16,297.7,361.05,988.85,783.17,72.33,872.54,633.67,890.7,342.37,465.05,896.33,273.3,915.59,828.67
Sample Bank,123456,2025-02,IntCard,0302020102,"03: Corporate, SME, and Business Cards",02: > Two years old,02: EMEA,01: Current and 1-29 DPD,02: > 620,980.58,324.93,236.52,331.54,954.7,333.74,565.65,404.28,396.82,194.19,537.54,849.55,50.44,889.34,665.81
Sample Bank,123456,2025-02,IntCard,0302020103,"03: Corporate, SME, and Business Cards",02: > Two years old,02: EMEA,01: Current and 1-29 DPD,03: N/A - Unknown,617.12,626.27,296.97,415.73,799.49,307.07,470.55,20.61,733.82,418.28,525.83,115.57,991.72,303.17,635.35
Sample Bank,123456,2025-02,IntCard,0302020201,"03: Corporate, SME, and Business Cards",02: > Two years old,02: EMEA,02: 30-59 DPD,01: <= 620,581.66,785.31,294.54,756.17,383.12,411.75,673.04,784.5,667.2,899.98,285.87,900.72,131.73,659.87,548.08
Sample Bank,123456,2025-02,IntCard,0302020202,"03: Corporate, SME, and Business Cards",02: > Two years old,02: EMEA,02: 30-59 DPD,02: > 620,495.14,311.6,504.23,162.61,369.95,99.58,572.27,96.67,161.18,86.38,381.93,842.12,906.99,72.82,634.92
Sample Bank,123456,2025-02,IntCard,0302020203,"03: Corporate, SME, and Business Cards",02: > Two years old,02: EMEA,02: 30-59 DPD,03: N/A - Unknown,684.7,534.24,667.32,234.46,490.15,391.48,90.62,625.93,495.72,275.9,474.21,775.52,801.86,649.88,468.28
Sample Bank,123456,2025-02,IntCard,0302020301,"03: Corporate, SME, and Business Cards",02: > Two years old,02: EMEA,03: 60-89 DPD,01: <= 620,576.17,385.63,127.43,386.23,530.8,599.24,935.87,777.56,152.84,175.01,101.39,738.44,706.42,986.38,522.5
Sample Bank,123456,2025-02,IntCard,0302020302,"03: Corporate, SME, and Business Cards",02: > Two years old,02: EMEA,03: 60-89 DPD,02: > 620,826.59,576.86,874.21,721.3,643.24,565.56,723.25,420.23,97.48,40.95,479.54,599.69,79.77,287.62,322.71
Sample Bank,123456,2025-02,IntCard,0302020303,"03: Corporate, SME, and Business Cards",02: > Two years old,02: EMEA,03: 60-89 DPD,03: N/A - Unknown,563.23,279.2,96.55,165.69,174.77,842.85,285.04,714.98,568.27,977.06,273.55,159.21,52.99,241.72,684.39
Sample Bank,123456,2025-02,IntCard,0302020401,"03: Corporate, SME, and Business Cards",02: > Two years old,02: EMEA,04: 90-119 DPD,01: <= 620,86.17,245.46,855.45,583.37,70.45,48.64,62.06,941.93,850.02,845.1,924.29,505.75,248.1,401.95,719.15
Sample Bank,123456,2025-02,IntCard,0302020402,"03: Corporate, SME, and Business Cards",02: > Two years old,02: EMEA,04: 90-119 DPD,02: > 620,876.16,435.66,535.85,931.85,108.39,862.44,160.15,484.38,219.2,603.34,559.01,380.63,863.44,660.15,721.48
Sample Bank,123456,2025-02,IntCard,0302020403,"03: Corporate, SME, and Business Cards",02: > Two years old,02: EMEA,04: 90-119 DPD,03: N/A - Unknown,151.51,883.28,167.87,223.56,128.93,440.92,887.82,253.2,374.38,846.22,618.2,751.86,214.79,716.77,228.38
Sample Bank,123456,2025-02,IntCard,0302020501,"03: Corporate, SME, and Business Cards",02: > Two years old,02: EMEA,05: 120+ DPD,01: <= 620,987.33,560.33,695.94,119.28,251.41,140.6,390.78,284.85,733.19,109.6,752.31,46.66,202.82,792.17,743.03
Sample Bank,123456,2025-02,IntCard,0302020502,"03: Corporate, SME, and Business Cards",02: > Two years old,02: EMEA,05: 120+ DPD,02: > 620,476.85,50.93,610.28,407.32,317.21,640.77,437.18,93.33,916.03,778.71,57.32,525.54,84.29,837.45,613.4
Sample Bank,123456,2025-02,IntCard,0302020503,"03: Corporate, SME, and Business Cards",02: > Two years old,02: EMEA,05: 120+ DPD,03: N/A - Unknown,173.28,21.72,32.55,507.86,734.64,121.72,222.06,327.93,218.86,391.95,560.06,685.25,963.81,930.91,570.56
Sample Bank,123456,2025-02,IntCard,0302030101,"03: Corporate, SME, and Business Cards",02: > Two years old,03: LATAM,01: Current and 1-29 DPD,01: <= 620,734.42,950.92,84.39,6.63,30.77,563.79,763.07,367.71,545.69,516.85,95.68,322.27,20.42,111.59,812.05
Sample Bank,123456,2025-02,IntCard,0302030102,"03: Corporate, SME, and Business Cards",02: > Two years old,03: LATAM,01: Current and 1-29 DPD,02: > 620,829.58,802.14,727.09,793.52,671.31,670.16,667.69,514.53,363.98,730.47,299.35,543.36,433.92,277.35,974.72
Sample Bank,123456,2025-02,IntCard,0302030103,"03: Corporate, SME, and Business Cards",02: > Two years old,03: LATAM,01: Current and 1-29 DPD,03: N/A - Unknown,259.49,309.98,162.43,823.16,587.0,613.43,820.74,343.58,194.44,199.21,732.89,614.5,207.13,145.92,121.57
Sample Bank,123456,2025-02,IntCard,0302030201,"03: Corporate, SME, and Business Cards",02: > Two years old,03: LATAM,02: 30-59 DPD,01: <= 620,628.17,1.12,19.3,390.16,691.66,695.34,430.69,691.38,521.58,976.95,163.3,601.07,491.75,195.27,750.24
Sample Bank,123456,2025-02,IntCard,0302030202,"03: Corporate, SME, and Business Cards",02: > Two years old,03: LATAM,02: 30-59 DPD,02: > 620,276.23,382.33,375.46,244.96,431.27,473.87,744.48,765.3,159.4,593.18,896.3,109.68,473.44,750.6,611.88
Sample Bank,123456,2025-02,IntCard,0302030203,"03: Corporate, SME, and Business Cards",02: > Two years old,03: LATAM,02: 30-59 DPD,03: N/A - Unknown,101.49,397.21,507.73,995.85,179.43,982.44,376.77,201.12,414.69,614.38,214.28,292.15,854.69,999.01,318.85
Sample Bank,123456,2025-02,IntCard,0302030301,"03: Corporate, SME, and Business Cards",02: > Two years old,03: LATAM,03: 60-89 DPD,01: <= 620,149.71,793.38,600.86,101.3,946.82,78.97,625.73,424.51,557.07,214.0,688.42,959.76,458.97,523.44,240.57
Sample Bank,123456,2025-02,IntCard,0302030302,"03: Corporate, SME, and Business Cards",02: > Two years old,03: LATAM,03: 60-89 DPD,02: > 620,891.98,971.2,786.51,543.23,956.84,154.7,479.01,538.07,492.42,802.62,670.73,127.53,347.1,339.74,566.07
Sample Bank,123456,2025-02,IntCard,0302030303,"03: Corporate, SME, and Business Cards",02: > Two years old,03: LATAM,03: 60-89 DPD,03: N/A - Unknown,292.17,118.15,654.03,851.19,931.68,972.61,781.34,140.56,853.26,400.56,730.18,531.74,828.78,426.08,62.73
Sample Bank,123456,2025-02,IntCard,0302030401,"03: Corporate, SME, and Business Cards",02: > Two years old,03: LATAM,04: 90-119 DPD,01: <= 620,557.27,172.12,965.55,527.44,554.01,907.36,624.96,303.43,296.8,502.08,866.74,794.93,962.78,72.81,269.06
Sample Bank,123456,2025-02,IntCard,0302030402,"03: Corporate, SME, and Business Cards",02: > Two years old,03: LATAM,04: 90-119 DPD,02: > 620,81.13,751.33,141.69,100.79,562.11,412.07,715.39,487.53,425.91,426.07,872.0,395.83,334.06,339.2,197.4
Sample Bank,123456,2025-02,IntCard,0302030403,"03: Corporate, SME, and Business Cards",02: > Two years old,03: LATAM,04: 90-119 DPD,03: N/A - Unknown,860.83,147.48,908.7,284.18,899.53,791.03,582.41,669.8,326.52,574.65,293.11,402.87,764.9,244.69,839.01
Sample Bank,123456,2025-02,IntCard,0302030501,"03: Corporate, SME, and Business Cards",02: > Two years old,03: LATAM,05: 120+ DPD,01: <= 620,376.51,532.64,942.02,681.57,645.96,711.9,918.19,249.27,613.63,400.99,12.84,126.18,325.67,565.43,881.59
Sample Bank,123456,2025-02,IntCard,0302030502,"03: Corporate, SME, and Business Cards",02: > Two years old,03: LATAM,05: 120+ DPD,02: > 620,791.32,553.78,74.8,286.62,367.34,622.1,65.86,530.66,901.56,705.73,797.28,681.99,207.38,111.37,829.66
Sample Bank,123456,2025-02,IntCard,0302030503,"03: Corporate, SME, and Business Cards",02: > Two years old,03: LATAM,05: 120+ DPD,03: N/A - Unknown,695.81,575.49,190.09,603.74,32.29,119.72,312.58,444.29,121.44,120.82,726.17,570.15,534.21,452.98,976.57
Sample Bank,123456,2025-02,IntCard,0302040101,"03: Corporate, SME, and Business Cards",02: > Two years old,04: APAC,01: Current and 1-29 DPD,01: <= 620,50.75,181.45,647.86,137.23,589.79,568.19,971.03,883.5,945.61,114.49,868.28,129.96,633.3,720.36,161.69
Sample Bank,123456,2025-02,IntCard,0302040102,"03: Corporate, SME, and Business Cards",02: > Two years old,04: APAC,01: Current and 1-29 DPD,02: > 620,633.03,53.41,293.97,921.24,172.56,66.2,444.23,850.77,77.6,356.18,899.88,119.04,311.36,778.64,543.67
Sample Bank,123456,2025-02,IntCard,0302040103,"03: Corporate, SME, and Business Cards",02: > Two years old,04: APAC,01: Current and 1-29 DPD,03: N/A - Unknown,832.5,112.48,920.63,934.98,156.16,34.84,989.85,482.77,572.5,616.29,789.88,812.18,194.73,237.4,876.96
Sample Bank,123456,2025-02,IntCard,0302040201,"03: Corporate, SME, and Business Cards",02: > Two years old,04: APAC,02: 30-59 DPD,01: <= 620,819.7,618.0,994.7,735.45,216.62,846.8,415.32,37.12,322.1,763.79,960.25,276.86,247.27,564.05,811.87
Sample Bank,123456,2025-02,IntCard,0302040202,"03: Corporate, SME, and Business Cards",02: > Two years old,04: APAC,02: 30-59 DPD,02: > 620,746.78,560.4,631.76,242.86,433.14,256.11,884.53,113.44,680.06,261.02,476.1,300.11,323.92,261.13,753.04
Sample Bank,123456,2025-02,IntCard,0302040203,"03: Corporate, SME, and Business Cards",02: > Two years old,04: APAC,02: 30-59 DPD,03: N/A - Unknown,366.35,726.63,456.61,547.7,543.74,975.88,367.7,208.48,911.88,175.66,834.59,151.06,659.07,151.39,923.16
Sample Bank,123456,2025-02,IntCard,0302040301,"03: Corporate, SME, and Business Cards",02: > Two years old,04: APAC,03: 60-89 DPD,01: <= 620,565.44,329.94,141.18,371.82,705.32,385.57,246.85,577.83,418.4,166.64,154.83,707.75,974.7,233.86,773.38
Sample Bank,123456,2025-02,IntCard,0302040302,"03: Corporate, SME, and Business Cards",02: > Two years old,04: APAC,03: 60-89 DPD,02: > 620,88.52,382.19,507.18,269.48,530.05,882.73,944.49,101.46,272.57,979.15,271.15,693.01,254.2,357.01,192.09
Sample Bank,123456,2025-02,IntCard,0302040303,"03: Corporate, SME, and Business Cards",02: > Two years old,04: APAC,03: 60-89 DPD,03: N/A - Unknown,856.44,882.77,297.62,823.77,358.88,99.92,758.32,596.85,275.11,253.75,975.65,862.64,809.99,128.89,755.43
Sample Bank,123456,2025-02,IntCard,0302040401,"03: Corporate, SME, and Business Cards",02: > Two years old,04: APAC,04: 90-119 DPD,01: <= 620,215.33,977.41,53.04,352.79,429.22,824.38,766.46,375.62,565.99,835.76,19.18,802.38,946.95,33.03,46.54
Sample Bank,123456,2025-02,IntCard,0302040402,"03: Corporate, SME, and Business Cards",02: > Two years old,04: APAC,04: 90-119 DPD,02: > 620,345.17,88.68,479.8,728.98,567.33,197.24,655.16,685.17,932.51,147.65,692.64,911.52,502.06,362.44,171.58
Sample Bank,123456,2025-02,IntCard,0302040403,"03: Corporate, SME, and Business Cards",02: > Two years old,04: APAC,04: 90-119 DPD,03: N/A - Unknown,866.92,394.85,924.96,847.91,377.26,574.34,28.15,263.96,710.56,678.23,354.02,808.8,236.6,461.81,473.06
Sample Bank,123456,2025-02,IntCard,0302040501,"03: Corporate, SME, and Business Cards",02: > Two years old,04: APAC,05: 120+ DPD,01: <= 620,341.48,954.71,696.99,539.66,511.0,160.14,372.81,673.1,924.65,816.65,301.09,434.52,83.83,103.07,470.76
Sample Bank,123456,2025-02,IntCard,0302040502,"03: Corporate, SME, and Business Cards",02: > Two years old,04: APAC,05: 120+ DPD,02: > 620,530.69,264.76,643.14,703.68,299.82,758.67,206.4,544.71,804.48,537.47,908.05,59.44,588.73,562.19,660.69
Sample Bank,123456,2025-02,IntCard,0302040503,"03: Corporate, SME, and Business Cards",02: > Two years old,04: APAC,05: 120+ DPD,03: N/A - Unknown,833.57,726.13,790.49,289.53,388.11,627.15,553.91,961.14,187.65,351.93,573.18,868.1,929.42,336.7,68.04
